,ph,Hardness,Solids,Chloramines,Sulfate,Conductivity,Organic_carbon,Trihalomethanes,Turbidity,Potability
3,2,4,2,3,3,1,3,3,3,0
4,3,4,2,2,1,2,1,1,2,0
5,1,4,3,2,2,1,1,1,1,0
6,3,4,3,2,3,1,2,3,1,0
7,3,4,1,1,1,3,1,2,3,0
9,3,4,3,3,3,3,3,2,3,0
10,2,3,3,2,2,2,2,3,2,0
12,2,3,2,1,1,1,3,3,1,0
15,1,4,3,3,3,3,1,3,3,0
17,3,4,2,2,3,3,2,2,3,0
19,2,4,3,1,2,3,1,2,1,0
21,2,3,3,1,1,3,3,3,2,0
24,1,3,1,3,2,3,1,1,3,0
25,2,4,2,3,2,2,2,3,3,0
26,1,4,3,3,3,2,2,1,2,0
30,2,4,1,1,2,1,1,2,3,0
32,3,2,2,3,1,2,2,2,3,0
33,2,4,3,2,3,2,1,1,1,0
35,1,4,2,1,2,2,1,1,2,0
36,1,4,2,1,1,2,1,3,1,0
39,3,4,2,1,2,2,3,1,3,0
41,1,4,1,3,1,1,1,1,3,0
42,2,4,3,2,3,1,1,2,3,0
43,3,4,1,2,2,1,3,2,3,0
46,2,4,1,1,1,2,2,3,1,0
47,3,3,1,1,1,1,1,3,2,0
49,3,4,2,1,2,2,2,1,1,0
51,2,2,1,1,1,3,1,2,1,0
52,2,3,2,1,1,3,1,2,2,0
53,3,4,1,2,2,3,3,1,2,0
54,3,4,2,2,2,2,3,1,2,0
56,3,4,3,3,3,3,1,1,2,0
57,1,4,2,2,2,2,1,3,3,0
60,1,4,3,2,2,1,1,2,2,0
61,1,4,2,1,2,1,2,1,2,0
66,1,4,3,3,3,3,2,3,3,0
69,2,3,3,1,3,3,3,1,1,0
70,2,4,1,1,1,2,1,3,2,0
71,1,2,3,2,1,3,1,1,2,0
72,1,3,2,2,1,3,2,1,3,0
76,1,3,2,2,1,1,1,3,2,0
77,1,3,3,2,2,3,2,1,2,0
78,1,3,2,1,1,3,3,1,1,0
79,2,4,3,3,3,2,1,2,1,0
82,2,4,1,2,1,3,1,3,2,0
83,1,4,3,2,3,3,1,3,1,0
84,1,3,2,1,1,3,1,3,2,0
86,2,4,3,3,3,3,2,2,3,0
87,3,4,2,2,2,2,3,1,1,0
88,3,4,1,2,3,3,1,2,3,0
89,3,4,3,1,3,3,2,1,1,0
93,3,4,3,2,3,3,3,1,1,0
94,2,4,1,1,1,3,1,1,1,0
95,1,4,3,2,2,3,2,1,3,0
96,2,4,2,1,2,1,1,3,3,0
97,1,3,2,3,1,2,2,3,3,0
98,2,3,2,1,1,2,2,2,2,0
99,3,3,2,2,2,2,1,2,1,0
100,1,3,2,2,1,1,2,1,2,0
102,3,3,1,2,1,3,3,1,3,0
105,2,4,2,3,3,2,3,2,2,0
107,3,4,1,3,2,1,1,3,3,0
108,1,4,3,1,2,1,2,3,2,0
109,2,4,1,1,1,3,3,1,2,0
111,2,4,1,2,2,2,1,2,2,0
112,2,4,3,3,3,1,3,2,2,0
113,1,4,2,3,3,1,3,3,1,0
116,2,4,1,3,3,1,3,3,3,0
117,3,4,1,1,3,2,3,2,1,0
120,2,3,3,2,1,1,3,3,2,0
124,3,4,3,3,3,2,3,2,2,0
125,3,4,3,3,3,1,1,1,1,0
127,2,4,3,3,3,1,1,2,3,0
129,2,4,1,1,2,3,3,1,1,0
130,2,3,1,1,1,2,2,2,2,0
131,1,3,3,2,2,3,3,2,1,0
132,2,3,2,1,1,2,3,1,1,0
133,2,4,3,3,3,3,1,1,1,0
134,1,4,3,3,3,1,3,1,2,0
135,1,4,3,2,2,2,3,2,3,0
136,1,3,1,2,1,1,1,2,1,0
137,2,3,3,3,2,2,3,3,1,0
138,3,4,1,1,2,2,2,2,2,0
139,2,4,3,2,2,3,3,2,2,0
142,2,4,3,1,3,1,1,1,1,0
143,2,4,3,3,2,3,3,3,2,0
144,1,4,2,1,1,2,3,1,1,0
145,1,4,1,1,2,3,2,2,1,0
147,3,4,1,3,3,1,2,1,3,0
148,3,3,2,2,2,2,3,3,3,0
150,2,4,1,3,3,2,1,3,1,0
151,1,3,3,2,1,1,1,3,3,0
152,2,4,2,1,1,1,1,3,3,0
153,1,4,1,3,2,3,1,2,3,0
155,2,4,2,2,2,1,1,2,1,0
159,2,4,2,1,2,3,2,1,2,0
161,3,4,2,3,3,1,1,3,3,0
162,1,3,2,3,2,3,2,2,3,0
163,1,3,1,2,1,2,3,1,3,0
165,2,4,1,3,3,2,3,2,2,0
167,3,4,3,2,3,1,3,2,3,0
169,2,3,1,1,1,3,1,3,1,0
170,2,4,3,1,2,2,3,3,2,0
174,2,4,1,1,1,3,2,3,3,0
175,1,3,3,3,1,2,3,2,3,0
176,2,4,2,3,2,3,2,2,1,0
178,2,3,2,1,1,3,1,2,2,0
179,1,4,3,3,2,1,1,3,3,0
180,2,4,3,3,3,1,2,1,2,0
181,2,4,3,2,2,3,1,1,3,0
182,1,4,3,3,3,3,1,1,1,0
183,2,3,1,2,1,1,3,2,3,0
184,1,3,1,1,1,3,1,2,2,0
186,1,4,3,1,3,2,1,3,2,0
188,1,3,1,2,1,1,2,3,3,0
189,2,2,3,2,1,1,3,3,2,0
190,2,3,2,2,2,1,1,3,2,0
192,2,4,1,1,1,2,3,2,3,0
193,3,3,1,1,1,3,2,3,2,0
194,1,4,2,2,3,2,3,1,1,0
196,3,4,1,1,1,2,3,2,1,0
199,1,3,1,1,1,2,3,3,3,0
200,1,4,1,1,1,1,2,1,3,0
202,2,4,1,2,1,3,2,3,1,0
206,2,3,1,2,1,2,3,2,2,0
207,2,4,3,2,3,2,2,1,2,0
208,3,4,1,2,2,3,3,2,2,0
209,1,4,3,3,3,1,1,3,3,0
210,1,4,2,2,3,3,2,3,3,0
212,1,3,3,1,1,3,2,2,2,0
216,2,4,1,1,1,2,2,2,1,0
218,2,4,1,3,3,3,2,2,1,0
219,3,4,3,1,3,3,2,1,2,0
221,2,3,3,2,1,1,2,3,1,0
222,2,3,1,2,1,3,3,2,1,0
223,3,4,1,1,3,2,2,1,3,0
224,3,4,2,2,2,1,2,1,3,0
225,1,4,3,3,3,3,3,2,3,0
226,3,4,2,1,3,3,2,3,3,0
227,2,2,1,1,1,2,3,3,2,0
228,2,4,1,1,1,3,2,2,2,0
231,1,3,3,1,1,2,3,1,1,0
232,2,4,2,2,2,3,3,2,3,0
233,2,4,1,1,1,2,3,2,1,0
234,1,4,3,1,2,1,3,3,1,0
235,1,4,2,3,3,2,1,1,3,0
238,2,4,3,2,2,3,3,2,2,0
239,1,4,2,1,3,2,3,2,2,0
240,3,4,1,1,2,3,1,3,2,0
241,2,4,2,2,2,1,3,2,2,0
243,3,4,3,1,3,1,3,1,1,0
244,1,4,1,1,1,3,1,3,3,0
248,2,4,3,3,3,1,2,3,2,0
249,2,4,2,3,2,1,2,3,3,0
250,3,3,1,3,1,3,1,3,2,1
251,3,3,2,3,1,2,2,3,2,1
253,2,4,3,3,1,1,1,3,2,1
254,2,4,2,2,1,1,2,3,2,1
255,2,4,1,1,3,2,1,3,1,1
256,2,4,3,3,1,1,3,2,2,1
258,3,2,3,3,2,3,2,1,1,1
259,1,4,1,3,1,2,2,2,1,1
260,1,4,3,1,3,1,2,2,1,1
261,1,4,1,2,1,3,2,3,3,1
262,2,4,3,2,3,3,3,3,1,1
264,2,4,2,1,3,2,1,2,3,1
265,2,4,3,2,3,1,2,3,1,1
266,1,4,1,2,2,2,3,3,2,1
268,2,4,2,3,1,3,2,1,3,1
269,3,3,1,2,2,3,3,3,1,1
270,2,3,3,3,1,2,3,1,3,1
271,2,3,2,3,1,1,3,1,3,1
272,2,4,2,3,1,3,1,2,3,1
273,2,3,3,3,2,3,3,2,2,1
275,1,4,3,3,1,2,1,1,3,1
276,2,3,3,1,3,1,3,1,1,1
278,3,2,3,3,2,2,1,1,3,1
279,1,4,1,2,2,3,3,3,2,1
280,3,3,2,3,1,2,1,3,1,1
281,2,3,1,3,1,2,2,2,3,1
283,3,3,3,3,2,1,3,3,2,1
284,2,3,2,3,1,1,3,3,3,1
288,2,4,3,3,1,3,2,3,3,1
289,2,3,3,3,1,3,2,2,2,1
290,1,4,2,1,3,3,1,3,1,1
291,2,4,1,1,3,3,3,1,2,1
292,2,4,2,3,1,3,1,2,1,1
294,3,3,1,1,3,2,2,2,3,1
296,2,3,3,2,1,1,3,2,1,1
299,2,4,3,3,1,1,1,2,2,1
301,3,3,1,3,2,2,2,3,3,1
302,1,4,1,3,1,3,2,1,1,1
308,2,4,1,2,2,3,3,1,3,1
309,3,2,1,3,3,3,2,3,2,1
311,2,4,3,1,3,1,3,3,2,1
313,1,4,3,1,3,1,2,1,3,1
314,2,3,3,3,1,2,3,3,3,1
316,2,3,2,3,2,1,3,2,1,1
317,3,2,3,3,2,2,2,1,1,1
319,3,2,3,1,2,1,1,1,3,1
322,2,4,3,3,1,3,3,3,2,1
323,1,4,1,2,2,1,2,1,1,1
324,2,4,3,3,1,1,1,2,3,1
327,3,3,2,3,2,1,2,1,3,1
328,2,4,3,2,2,1,2,2,2,1
329,2,3,2,1,2,2,2,2,2,1
332,1,4,2,1,3,3,1,3,2,1
333,2,4,1,3,1,2,1,3,3,1
335,3,2,3,2,3,2,1,2,2,1
338,1,4,2,3,2,3,2,1,2,1
339,2,3,2,3,1,2,2,3,1,1
340,2,3,1,1,3,3,1,2,3,1
342,1,4,1,2,3,3,2,3,2,1
345,3,3,3,1,3,3,2,1,2,1
346,1,4,2,1,3,1,1,2,2,1
348,3,3,2,3,1,3,1,1,2,1
349,2,3,2,2,1,3,1,1,2,1
350,3,4,1,3,2,2,1,3,3,1
351,3,4,3,3,1,3,1,3,2,1
352,3,4,2,2,3,2,1,2,2,1
353,2,4,1,2,2,1,1,1,1,1
355,1,4,1,2,3,3,2,3,2,1
356,2,4,3,2,3,3,2,3,2,1
358,1,4,3,1,3,1,1,3,2,1
359,2,4,1,1,3,3,3,1,2,1
361,2,3,2,1,3,2,1,1,1,1
362,2,4,2,1,3,1,1,2,3,1
363,1,4,1,1,3,3,3,2,1,1
365,1,4,3,3,1,2,1,3,1,1
367,2,4,3,2,2,1,2,3,3,1
370,1,4,3,3,1,1,2,1,3,1
371,1,4,2,1,3,2,1,1,2,1
372,1,4,3,3,1,1,3,3,1,1
375,1,4,3,2,2,3,3,2,3,1
376,3,3,2,3,1,2,1,3,1,1
378,1,4,3,2,2,1,1,3,1,1
379,3,2,2,3,1,2,1,1,1,1
380,2,4,3,3,1,2,1,2,3,1
381,2,3,3,1,3,1,2,3,3,1
382,1,4,3,3,1,3,1,1,3,1
384,3,3,1,2,3,1,1,2,1,1
385,1,4,2,3,1,3,3,1,2,1
388,1,4,1,3,1,3,3,3,1,1
390,3,4,3,2,3,2,1,3,1,1
392,2,4,1,1,2,1,3,2,1,1
394,3,4,2,3,2,1,3,2,2,1
395,2,4,1,2,2,3,2,2,2,1
397,1,4,3,1,2,3,2,1,1,1
400,1,4,3,3,1,1,1,2,2,1
402,1,4,1,2,1,2,2,2,2,1
403,2,4,1,3,2,1,2,2,3,1
404,2,3,2,3,1,2,3,1,3,1
406,1,4,2,1,3,2,3,3,1,1
407,2,4,1,1,2,2,2,2,1,1
408,1,4,3,1,3,1,3,1,3,1
409,2,3,3,1,3,3,1,1,3,1
412,2,4,3,1,2,1,3,1,3,0
413,1,4,3,1,2,3,1,1,1,0
414,1,3,2,3,1,3,1,1,3,0
415,2,4,3,3,1,3,3,2,2,0
416,1,4,3,1,3,3,3,2,2,0
417,3,4,2,3,2,3,1,3,2,0
419,1,3,2,3,1,2,1,2,2,0
420,1,4,2,3,2,3,3,1,1,0
421,2,4,2,2,2,3,3,3,3,0
422,1,4,2,2,1,3,2,2,1,0
423,2,4,2,3,2,1,1,2,2,0
425,2,4,3,2,1,1,2,3,1,0
426,2,3,2,2,2,2,1,3,3,0
427,3,4,1,1,3,2,3,2,2,0
428,2,3,2,2,3,2,1,3,3,0
429,2,4,3,1,2,3,2,2,1,0
430,2,4,1,1,3,2,2,3,1,0
431,2,4,2,1,2,1,2,2,2,0
432,2,4,3,1,2,2,3,1,3,0
433,2,4,3,1,3,3,2,1,1,0
434,1,3,3,3,1,3,2,3,1,0
436,1,4,3,2,1,2,3,1,2,0
437,3,4,1,1,3,3,2,2,1,0
439,1,3,2,3,2,1,2,2,3,0
443,2,4,3,2,2,1,1,2,1,0
445,2,4,2,2,2,1,3,1,3,0
447,3,4,2,2,2,2,3,3,3,0
448,2,3,1,2,2,3,2,1,1,0
449,2,4,3,1,2,1,1,1,2,0
451,2,3,1,3,2,2,1,3,1,0
452,2,4,2,1,2,1,2,3,2,0
453,1,3,2,2,2,1,2,2,2,0
454,3,4,2,1,3,1,2,3,1,0
455,2,3,1,3,2,2,3,3,1,0
457,2,4,1,2,1,3,2,3,2,0
458,3,3,1,3,2,3,2,1,1,0
459,3,3,1,3,3,2,3,1,2,0
460,2,4,1,3,2,1,1,3,2,0
461,2,4,3,3,2,2,3,3,1,0
463,1,4,2,1,2,2,2,2,1,0
464,2,4,3,1,1,1,1,1,1,0
465,1,4,3,2,2,1,1,2,2,0
466,2,4,2,2,2,2,2,1,3,0
468,1,4,3,3,1,2,3,1,3,0
469,3,4,1,1,3,3,1,2,1,0
470,2,4,2,1,2,2,2,1,3,0
472,2,3,1,2,3,3,3,2,1,0
476,2,4,2,3,3,1,3,1,3,0
479,1,4,2,1,2,2,2,3,3,0
481,1,4,3,2,1,2,3,1,3,0
482,2,3,2,3,2,3,1,2,2,0
483,2,4,2,3,2,1,2,3,1,0
484,1,3,2,3,2,3,3,1,2,0
485,1,4,2,3,2,2,3,2,3,0
486,3,4,1,3,3,2,3,3,3,0
487,2,4,3,1,2,3,3,3,3,0
489,1,4,2,1,2,2,2,1,1,0
490,2,4,2,1,1,2,1,2,1,0
491,2,4,3,2,2,3,1,2,1,0
495,1,3,1,2,2,1,1,1,3,0
496,1,4,1,1,3,3,1,1,2,0
498,1,3,3,2,2,3,1,2,3,0
500,1,4,3,3,1,1,2,3,3,0
501,1,3,2,2,2,3,2,3,2,0
503,1,4,2,3,2,3,1,3,1,0
504,1,4,3,3,2,1,3,2,2,0
505,3,4,1,2,3,1,3,1,2,0
508,3,3,1,3,3,3,3,3,3,0
511,2,4,2,2,2,1,1,2,2,0
514,1,3,2,3,2,3,2,1,3,0
515,1,4,3,1,1,3,3,3,1,0
516,1,4,3,2,1,2,3,1,2,0
518,1,3,3,3,1,3,3,1,2,0
521,2,4,2,1,2,3,2,2,3,0
522,1,4,1,1,2,2,1,1,2,0
523,2,4,1,2,3,3,3,3,2,0
524,1,4,3,3,1,1,2,1,2,0
526,3,4,1,1,3,3,3,1,1,0
527,2,4,2,2,2,1,3,2,2,0
528,2,4,3,2,2,1,1,2,3,0
529,3,4,2,1,2,1,2,2,2,0
530,2,4,3,2,2,3,2,3,3,0
531,1,4,3,3,1,1,1,3,3,0
532,1,3,3,3,1,1,2,2,3,0
533,1,3,2,3,1,3,2,1,1,0
534,1,3,3,3,1,1,3,2,2,0
535,2,3,1,2,2,3,3,1,3,0
537,3,3,1,2,3,1,2,3,1,0
538,2,4,1,3,3,1,2,1,1,0
541,1,3,3,3,1,1,1,1,1,0
544,2,4,1,1,3,3,1,3,2,0
546,1,4,3,1,1,1,3,3,2,0
547,2,4,1,1,3,3,3,2,1,0
548,2,4,3,2,2,3,3,1,3,0
550,2,4,3,2,1,1,1,2,2,0
556,3,3,1,1,3,3,3,2,1,0
557,3,4,1,1,3,3,2,1,2,0
559,2,4,3,1,2,2,3,3,3,0
561,2,3,1,2,2,2,2,1,3,0
562,1,4,3,2,3,1,2,1,1,0
563,1,3,1,3,1,1,3,2,2,0
565,2,4,2,1,3,3,2,1,2,0
566,1,3,3,3,2,1,1,2,2,0
569,1,4,1,3,1,2,2,3,1,0
572,3,3,1,3,3,1,1,2,3,0
573,2,4,1,2,3,3,1,2,1,0
575,1,4,2,1,2,1,1,3,1,0
576,1,3,3,3,1,3,2,2,1,0
577,2,4,1,1,3,1,2,3,3,0
578,1,4,3,2,2,2,2,2,1,0
581,2,3,1,2,3,3,2,2,1,0
582,3,4,2,1,2,2,3,1,2,0
583,1,4,3,2,2,2,1,1,2,0
584,2,4,3,1,2,1,2,1,2,0
585,2,4,3,1,2,1,3,2,2,0
586,1,3,2,3,2,3,2,2,3,0
587,3,4,1,1,3,2,2,1,3,0
588,3,4,1,3,2,2,1,3,3,0
591,1,3,1,3,1,3,1,2,2,0
593,1,4,2,2,2,2,3,2,1,0
594,1,4,3,1,2,3,3,1,3,0
595,2,4,1,3,2,2,3,3,1,0
598,2,4,1,2,2,2,2,3,1,0
603,3,4,3,2,2,3,1,1,1,0
605,1,3,1,3,3,3,1,1,3,0
606,2,4,2,2,3,1,2,3,1,0
607,3,4,1,1,3,2,1,1,1,0
611,2,4,3,3,2,2,3,1,3,0
612,1,4,3,2,2,3,3,3,3,0
615,1,4,2,2,2,3,2,2,3,0
622,1,4,3,3,1,3,2,1,2,0
623,1,4,3,1,2,2,1,3,3,0
626,1,4,3,2,2,2,2,1,2,0
628,2,4,3,1,2,2,3,2,1,0
630,2,4,2,2,2,2,3,1,2,0
633,1,4,3,2,1,2,1,3,2,0
635,2,4,2,3,3,2,3,2,1,0
637,2,3,1,3,2,2,1,3,2,0
643,2,4,1,3,2,2,1,1,1,0
644,2,4,1,2,2,1,2,3,1,0
648,1,4,3,2,1,3,1,1,1,0
649,2,4,3,3,1,1,3,3,1,0
652,3,4,1,1,3,1,2,3,3,0
653,1,4,2,3,1,2,3,2,3,0
654,1,4,1,1,3,3,1,1,3,0
655,2,4,2,2,2,2,2,1,3,0
656,2,3,1,3,2,1,1,3,2,0
657,2,4,2,2,2,2,1,2,1,0
658,2,4,2,1,2,2,1,2,1,0
659,1,3,2,3,1,1,3,3,3,0
660,2,4,2,2,2,1,3,2,2,1
662,2,4,1,3,1,2,1,3,2,1
663,3,4,1,2,3,1,1,3,2,1
667,1,4,2,1,1,2,3,2,2,1
670,3,4,2,3,1,3,1,1,1,1
673,2,4,1,1,2,3,3,2,2,1
674,1,3,3,2,3,3,2,2,3,1
675,3,4,2,2,3,3,3,2,1,1
676,2,4,2,3,1,3,2,2,1,1
677,3,4,2,1,2,3,2,1,3,1
680,2,4,1,1,1,2,1,3,1,1
681,1,3,3,1,3,2,3,2,3,1
682,2,4,2,3,3,2,2,3,3,1
686,3,4,3,1,2,2,3,3,3,1
687,1,4,2,3,2,1,2,3,3,1
688,3,4,1,2,2,2,1,1,1,1
689,3,4,1,3,1,1,2,3,3,1
690,2,4,1,2,1,1,1,1,1,1
691,3,4,3,2,2,2,1,3,3,1
692,1,3,3,2,3,2,1,2,1,1
695,1,3,3,1,3,3,3,2,2,1
696,3,4,3,1,1,3,3,1,3,1
698,1,3,3,1,3,3,3,1,3,1
701,3,4,1,2,3,1,2,3,1,1
702,1,4,2,2,1,1,2,3,1,1
703,2,4,1,3,1,2,2,3,3,1
704,1,4,2,3,1,1,3,3,1,1
706,1,3,3,1,3,3,3,2,3,1
707,1,4,1,3,1,1,1,2,3,1
708,1,4,3,3,3,1,1,3,1,1
710,1,3,3,1,3,1,1,2,2,1
711,2,4,3,3,1,1,2,2,2,1
714,1,4,1,2,1,3,3,3,3,1
717,3,4,1,3,2,2,2,2,1,1
718,2,4,2,1,1,1,3,3,1,1
721,1,3,3,1,1,3,1,3,1,1
724,3,4,1,3,3,1,3,3,1,1
725,3,4,1,2,2,1,2,3,2,1
726,1,3,3,1,1,2,2,2,1,1
727,1,4,1,2,1,2,2,1,3,1
728,2,4,3,1,1,3,3,3,3,1
730,2,4,2,2,2,1,2,1,3,1
731,3,4,2,3,3,1,3,3,3,1
733,3,4,1,2,2,3,3,2,1,1
734,2,4,2,2,1,3,1,1,2,1
735,2,4,2,1,2,1,2,1,2,1
736,2,4,3,3,3,1,3,1,1,1
738,1,4,1,3,2,1,2,1,2,1
740,2,4,1,3,1,1,3,2,2,1
744,2,4,1,1,3,1,1,2,2,1
745,2,4,3,2,3,2,1,3,1,1
747,2,4,2,3,3,3,2,3,3,1
748,2,4,2,2,1,2,1,1,1,1
750,1,4,2,1,2,2,2,2,1,1
754,3,4,2,1,3,1,1,2,1,1
755,3,4,2,3,2,2,2,1,2,1
759,2,4,3,2,1,2,2,1,2,1
760,2,4,2,3,3,2,3,3,3,1
761,3,4,3,3,2,3,1,1,3,1
763,3,4,1,3,1,1,1,2,3,1
765,2,4,2,3,1,1,3,2,1,1
767,2,4,1,3,1,3,1,3,1,1
768,3,4,1,2,3,1,3,2,2,1
769,1,3,3,1,3,1,2,3,1,1
770,1,3,3,3,2,3,2,2,2,1
772,2,3,3,1,3,2,3,2,2,1
773,2,4,1,1,2,2,3,3,2,1
777,3,4,1,2,1,1,1,1,2,1
779,2,4,3,3,2,2,3,1,3,1
780,2,4,2,2,1,3,3,1,3,1
781,1,3,3,1,3,2,3,3,3,1
782,2,4,1,3,1,2,2,1,1,1
783,3,4,1,3,2,3,2,2,1,1
784,2,4,2,3,3,3,2,1,1,1
785,1,4,2,1,1,1,1,3,2,1
788,3,4,3,1,3,3,3,1,2,1
789,1,3,2,1,3,3,2,1,1,1
791,1,4,3,1,3,1,1,2,3,1
792,1,3,3,1,3,3,3,2,1,1
793,2,4,3,1,1,2,2,3,3,1
794,3,4,1,3,2,2,2,3,1,1
795,3,4,1,2,1,1,2,2,3,1
797,2,4,2,3,1,3,1,3,2,1
799,3,4,2,3,2,2,1,1,3,1
800,2,4,2,3,2,1,1,3,3,1
801,3,4,1,3,2,1,3,2,3,1
802,2,4,2,1,1,1,2,3,3,1
803,2,4,1,1,1,3,2,2,2,1
804,1,3,3,1,1,3,2,1,3,1
805,3,4,1,3,3,3,3,3,2,1
806,1,3,3,1,3,2,2,2,1,1
807,3,4,3,2,1,1,2,3,3,1
809,1,4,3,1,1,1,3,1,1,1
810,1,3,1,3,3,1,1,1,3,1
812,3,4,1,3,1,2,2,2,1,1
813,1,4,1,3,1,3,2,2,3,1
814,1,4,1,3,2,1,3,3,3,1
816,1,4,1,2,1,3,2,3,3,1
818,1,3,3,1,2,3,3,1,1,1
821,1,3,3,1,2,1,3,2,1,0
822,1,4,3,2,3,1,2,3,3,0
824,1,3,1,1,2,2,1,1,3,0
826,2,3,2,1,2,3,1,2,2,0
828,2,4,1,3,1,2,3,1,1,0
830,1,4,2,3,1,2,2,2,3,0
831,2,4,3,3,2,3,1,2,2,0
834,1,4,2,2,2,1,3,3,3,0
835,2,4,1,1,2,2,1,3,1,0
836,2,4,1,2,2,2,2,2,1,0
837,2,4,3,3,2,2,2,2,2,0
839,2,4,3,3,1,3,3,2,1,0
840,1,4,3,3,3,3,1,3,1,0
841,2,4,1,3,3,1,3,3,1,0
842,1,4,3,3,2,1,2,1,1,0
844,3,4,1,3,2,1,3,3,1,0
845,2,4,1,2,1,2,2,2,1,0
847,3,4,2,2,2,3,2,3,3,0
849,2,3,3,2,3,2,1,2,3,0
851,1,4,3,3,2,1,1,2,1,0
852,2,4,2,1,1,2,1,3,3,0
854,2,4,2,3,3,1,3,1,3,0
856,2,4,2,3,1,2,3,2,3,0
860,3,4,1,2,2,2,3,1,2,0
862,2,4,1,3,2,2,2,2,1,0
863,2,4,1,3,2,3,2,3,2,0
864,2,3,1,1,2,3,1,3,1,0
865,2,4,2,1,1,2,2,1,3,0
866,2,3,2,1,3,2,3,1,3,0
867,1,4,2,3,1,2,1,1,2,0
871,3,4,1,2,1,2,2,1,2,0
872,2,3,2,2,3,2,1,1,1,0
875,1,4,1,3,3,3,1,2,2,0
876,2,3,2,2,3,2,1,2,1,0
877,1,3,3,2,3,3,3,1,3,0
879,2,4,3,2,1,1,1,1,2,0
881,2,4,2,1,1,3,2,3,3,0
882,3,4,1,1,1,3,1,2,1,0
883,1,4,3,3,2,2,2,2,2,0
886,3,4,1,2,2,3,3,2,2,0
888,2,4,1,3,3,3,1,2,2,0
889,1,3,3,1,3,3,2,1,2,0
890,2,3,1,1,3,3,1,3,3,0
891,2,4,3,3,1,3,2,1,3,0
892,1,4,3,3,3,1,2,1,2,0
893,3,4,2,1,1,1,1,3,3,0
894,1,3,3,3,3,3,1,1,1,0
895,1,4,3,3,2,2,1,3,1,0
896,2,4,3,3,2,1,1,1,3,0
897,3,4,1,1,2,1,2,1,3,0
901,2,4,1,2,3,1,3,3,1,0
903,2,4,2,2,2,2,2,2,3,0
904,1,3,1,1,3,2,3,2,2,0
907,1,4,3,3,2,2,1,1,2,0
908,3,4,1,1,2,3,2,1,3,0
909,2,3,2,1,3,3,1,1,2,0
910,2,4,2,3,3,1,3,2,2,0
913,2,4,1,1,1,2,2,3,1,0
914,1,4,2,1,2,3,3,3,2,0
915,1,4,2,3,1,3,3,1,2,0
916,2,4,2,1,1,2,2,2,2,0
917,2,3,1,1,3,1,3,1,1,0
921,1,4,3,3,3,1,2,2,1,0
925,2,4,1,2,1,1,3,2,2,0
926,3,4,2,1,2,2,3,1,1,0
927,2,4,3,3,2,1,3,1,2,0
930,1,3,3,1,3,2,3,2,1,0
931,2,3,2,1,2,3,1,3,1,0
933,3,4,1,1,1,2,3,1,2,0
934,1,4,3,3,2,3,1,2,1,0
935,3,4,2,1,2,1,2,2,3,0
936,1,4,3,1,2,1,1,2,2,0
939,3,4,1,3,3,2,2,2,3,0
940,3,4,1,2,2,2,1,3,2,0
942,2,4,2,3,3,2,1,1,1,0
943,3,4,1,1,1,3,2,2,1,0
944,1,3,2,1,1,2,3,2,1,0
945,2,4,2,3,2,3,2,2,3,0
946,1,4,3,2,2,1,1,1,2,0
949,1,3,3,1,2,3,3,3,1,0
950,2,4,3,1,2,3,2,2,2,0
952,2,4,1,3,2,3,3,3,1,0
954,1,4,3,1,1,3,1,1,2,0
955,3,4,2,1,2,3,3,3,2,0
956,1,4,2,2,1,1,2,3,2,0
957,3,4,1,2,1,3,3,3,1,0
959,1,3,2,2,3,1,2,3,3,0
960,1,4,3,2,2,1,3,2,2,0
961,2,4,2,3,3,2,2,2,1,0
962,2,4,1,3,2,3,2,1,3,0
964,2,4,3,2,1,3,1,2,1,0
966,2,4,1,1,2,1,2,1,1,0
968,2,4,1,1,2,2,2,1,3,0
969,1,4,3,2,2,1,2,2,3,0
973,1,4,2,3,2,3,1,2,3,0
974,2,3,1,1,2,1,1,2,2,0
975,1,4,3,3,2,1,2,2,1,0
976,2,4,2,3,2,2,2,3,3,0
977,2,4,1,1,2,1,1,3,1,0
978,2,4,1,1,2,2,2,3,1,0
979,2,4,2,1,2,3,3,1,1,0
980,3,4,1,1,2,1,3,1,2,0
981,3,4,1,2,2,1,3,1,2,0
983,2,4,2,2,3,3,2,1,1,0
986,2,4,1,2,3,2,3,1,1,0
987,1,4,3,3,2,1,3,2,2,0
989,1,4,2,3,2,2,2,3,1,0
990,1,3,3,1,3,3,3,3,3,0
993,2,4,1,2,1,3,3,1,2,0
996,2,3,2,2,2,2,3,3,2,0
998,1,4,2,3,3,3,2,1,1,0
1000,2,4,3,1,2,1,3,1,3,0
1002,3,4,1,1,1,2,1,3,1,0
1003,1,4,3,1,1,2,3,2,3,0
1004,2,4,2,3,1,1,1,1,3,0
1005,1,4,2,2,1,3,3,3,3,0
1006,2,3,2,1,2,1,3,1,3,0
1008,3,4,1,2,2,3,2,2,1,0
1010,1,4,2,1,2,1,1,2,2,0
1011,3,4,1,3,3,1,2,2,2,0
1012,2,4,1,1,2,3,2,1,3,0
1013,1,4,1,3,1,1,1,2,1,0
1014,1,3,2,1,1,3,1,1,2,0
1016,2,4,1,3,2,3,3,3,1,0
1017,3,4,3,2,1,3,3,3,2,0
1018,1,4,2,3,2,2,2,2,1,0
1019,1,3,3,2,3,1,3,2,1,0
1023,3,4,1,2,2,1,1,1,2,0
1024,2,4,2,3,2,2,2,2,2,0
1026,2,3,3,1,3,3,3,3,1,0
1028,1,3,2,1,2,3,3,1,2,0
1030,3,4,1,2,1,1,1,3,1,0
1032,3,3,3,1,3,2,2,3,2,0
1033,2,4,2,2,1,1,1,2,1,0
1034,2,4,2,3,3,1,3,3,2,0
1035,2,4,3,2,1,1,2,2,3,0
1036,1,3,3,1,3,3,3,1,2,0
1037,3,4,1,1,1,1,3,2,2,0
1038,1,4,3,3,3,2,1,3,1,0
1039,3,3,1,1,3,3,3,2,1,0
1040,2,4,3,3,2,2,1,2,3,0
1041,2,4,3,1,1,1,1,1,2,0
1044,1,4,2,3,1,2,2,3,1,0
1045,1,4,3,3,1,1,1,1,1,0
1046,2,4,3,1,1,2,3,1,1,0
1047,2,4,1,2,1,3,3,2,2,0
1048,2,4,2,3,1,1,1,3,3,0
1049,2,4,2,3,2,3,2,2,3,0
1050,3,3,2,1,3,2,3,2,3,0
1051,2,4,3,2,3,3,1,2,2,0
1052,3,4,2,2,1,3,2,1,2,0
1053,3,4,1,3,3,3,2,3,2,0
1054,1,4,2,1,3,3,1,1,3,0
1056,2,3,2,1,2,1,1,1,3,0
1057,2,4,2,3,3,3,1,1,1,0
1058,2,4,1,3,2,1,2,3,1,0
1059,2,4,3,2,2,1,1,1,1,0
1060,2,4,1,2,1,2,3,1,3,0
1062,3,4,3,2,2,2,1,3,1,0
1063,2,3,1,2,3,1,1,1,1,0
1066,3,3,2,1,3,3,1,2,1,0
1067,2,4,2,3,3,1,3,1,3,0
1068,1,3,3,3,3,3,3,2,1,0
1071,2,4,2,3,3,1,2,2,2,1
1073,2,3,2,1,1,2,3,2,3,1
1074,1,4,1,3,3,1,1,3,1,1
1076,2,4,2,1,1,1,2,3,1,1
1079,2,4,2,1,1,3,1,2,3,1
1080,2,4,1,3,3,1,1,1,1,1
1081,3,3,2,2,3,2,1,3,1,1
1082,1,4,1,3,3,2,1,2,2,1
1083,2,4,3,2,2,1,1,2,1,1
1086,2,4,1,3,2,3,2,3,2,1
1087,2,4,3,2,3,2,1,1,1,1
1090,1,4,1,3,3,3,3,3,1,1
1094,2,4,2,3,3,3,2,3,2,1
1095,1,4,2,1,2,1,1,1,3,1
1097,2,3,1,1,2,3,1,3,2,1
1098,1,4,3,1,1,3,1,3,2,1
1099,2,3,3,1,1,3,3,2,2,1
1102,2,4,1,2,2,3,1,3,3,1
1104,2,4,2,3,3,2,3,1,2,1
1105,2,3,2,1,1,1,3,3,3,1
1106,2,3,3,1,1,3,3,2,3,1
1107,2,4,1,3,3,1,3,1,2,1
1110,1,4,3,1,2,3,2,2,3,1
1112,2,4,2,2,3,2,1,3,2,1
1113,3,3,2,3,1,3,2,3,3,1
1114,2,3,3,1,1,1,3,2,1,1
1118,2,4,1,3,2,2,2,1,3,1
1119,1,4,2,1,1,3,1,3,1,1
1120,2,4,3,3,3,2,2,3,1,1
1121,3,3,2,1,1,3,2,2,2,1
1122,1,4,1,3,3,1,2,1,1,1
1123,1,4,2,1,1,1,2,1,1,1
1124,2,4,3,1,3,1,2,3,1,1
1126,1,4,2,1,1,1,1,2,1,1
1129,1,4,1,2,2,1,2,3,2,1
1132,2,4,3,3,3,3,3,1,1,1
1133,2,4,3,3,3,1,1,2,1,1
1134,2,4,1,2,3,3,3,1,2,1
1137,3,3,3,1,1,3,2,3,1,1
1139,1,4,2,3,3,3,3,1,3,1
1141,3,3,3,2,2,1,1,2,3,1
1142,1,4,1,1,3,2,1,3,1,1
1143,1,3,3,1,1,3,3,1,3,1
1145,2,4,1,3,3,3,1,1,2,1
1146,2,3,3,1,1,2,1,3,3,1
1147,2,4,3,1,1,1,2,3,1,1
1150,1,4,1,2,3,1,3,3,2,1
1151,1,4,1,2,2,2,2,2,1,1
1153,1,4,3,1,3,3,3,3,2,1
1156,1,4,3,1,1,1,1,3,1,1
1158,3,3,3,1,2,3,3,1,2,1
1159,2,4,3,1,1,3,2,3,1,1
1161,2,3,3,1,1,1,3,2,1,1
1162,3,3,3,1,2,1,3,1,1,1
1163,1,4,1,1,1,2,2,2,3,1
1164,3,4,3,3,3,2,3,1,2,1
1166,1,4,2,1,1,3,3,2,1,1
1170,2,4,3,1,1,3,2,2,3,1
1171,1,4,2,1,1,1,1,3,3,1
1173,1,4,1,2,1,1,1,2,3,1
1175,3,3,3,1,1,3,3,3,2,1
1176,2,4,1,3,3,2,2,3,1,1
1177,1,4,2,1,1,1,3,3,3,1
1178,2,3,3,1,1,3,3,2,2,1
1181,3,3,3,1,1,2,1,3,2,1
1182,1,4,1,2,2,3,2,1,3,1
1183,2,4,2,2,3,3,3,3,3,1
1184,2,4,2,3,3,1,3,2,1,1
1185,1,4,1,3,2,1,2,1,3,1
1186,3,3,3,1,1,3,2,1,2,1
1187,2,3,2,1,2,3,3,1,3,1
1189,2,3,3,1,1,2,2,3,3,1
1191,1,3,3,1,1,3,3,2,2,1
1193,2,3,2,1,1,2,1,3,1,1
1194,2,4,1,1,1,1,3,1,1,1
1195,1,4,1,1,1,1,1,1,3,1
1197,1,4,2,3,3,1,2,1,2,1
1200,2,4,1,3,3,3,2,1,3,1
1201,3,4,2,2,2,1,3,3,1,1
1202,2,3,3,2,2,1,1,3,3,1
1204,1,4,2,1,2,2,1,1,2,1
1209,2,3,3,1,1,1,1,3,3,1
1211,1,3,3,1,1,3,3,1,2,1
1213,2,3,2,3,2,1,3,3,2,1
1216,2,4,2,1,1,2,3,1,3,1
1218,1,4,3,3,3,2,2,1,3,1
1220,1,4,2,1,2,3,2,3,3,1
1222,2,4,1,2,2,3,2,2,1,1
1223,2,4,2,1,1,3,1,3,2,1
1224,1,4,1,2,2,3,2,2,2,1
1225,2,4,1,3,3,1,2,3,1,1
1226,1,4,1,2,3,2,1,1,3,1
1229,2,3,1,2,1,2,1,1,2,1
1230,2,4,3,3,1,1,3,3,2,0
1231,1,3,3,1,1,1,2,1,3,0
1232,3,4,1,1,2,3,2,3,1,0
1233,1,4,3,1,1,1,2,3,3,0
1237,1,3,3,2,1,2,1,3,2,0
1238,2,4,2,3,3,2,2,3,2,0
1239,2,4,3,2,2,1,3,1,3,0
1241,1,4,2,3,3,3,2,2,3,0
1242,3,4,2,3,1,2,3,1,2,0
1243,1,3,1,1,1,2,1,3,1,0
1249,3,4,1,2,3,1,1,2,2,0
1250,1,4,2,1,1,1,2,2,2,0
1251,1,4,3,2,1,3,3,3,2,0
1252,2,4,1,3,3,2,2,3,2,0
1255,1,4,3,2,1,2,3,1,3,0
1256,2,4,2,3,3,3,1,3,2,0
1257,1,3,1,2,1,3,2,2,3,0
1260,3,4,1,2,3,1,1,3,1,0
1261,1,4,2,2,2,2,2,1,2,0
1262,2,3,1,1,3,2,3,3,2,0
1263,1,4,2,2,1,2,2,2,2,0
1264,3,4,1,1,1,3,3,1,1,0
1267,2,4,2,1,1,3,3,3,2,0
1272,2,4,3,3,2,3,3,2,3,0
1274,1,4,3,2,2,2,2,2,3,0
1276,1,4,2,2,3,3,1,2,3,0
1277,2,4,3,1,1,1,2,2,3,0
1278,1,4,1,2,2,2,1,3,2,0
1279,2,4,2,2,1,2,2,2,1,0
1280,2,4,1,2,2,1,1,3,2,0
1281,2,3,2,2,1,2,3,2,1,0
1283,2,4,1,1,2,2,1,2,2,0
1286,2,3,1,2,3,2,1,3,2,0
1288,1,4,3,1,1,2,1,3,1,0
1289,1,3,2,1,2,1,3,3,2,0
1290,2,4,3,2,1,1,3,3,1,0
1295,2,4,1,1,1,3,3,2,1,0
1296,1,3,1,1,1,2,1,3,2,0
1297,1,4,3,1,1,1,1,1,3,0
1300,2,4,3,2,2,3,2,2,2,0
1301,1,3,1,1,1,2,1,2,2,0
1303,3,4,1,3,3,1,1,3,1,0
1306,2,4,2,2,2,3,1,3,3,0
1310,2,3,3,2,1,1,1,1,1,0
1312,2,4,1,2,2,1,3,3,2,0
1314,1,3,2,1,1,2,1,1,3,0
1315,2,4,2,2,3,1,1,2,1,0
1316,3,4,1,2,3,1,3,3,2,0
1317,2,4,1,2,2,2,3,3,1,0
1318,2,4,3,3,1,3,2,2,1,0
1320,2,4,3,3,3,2,3,2,1,0
1322,2,4,2,3,3,1,2,1,3,0
1323,2,4,2,2,3,1,1,3,1,0
1324,3,3,1,2,3,2,3,1,1,0
1325,2,3,1,2,3,3,1,1,1,0
1326,2,4,2,2,2,3,3,3,2,0
1328,2,4,2,1,2,2,2,3,2,0
1331,1,4,1,1,3,3,2,1,3,0
1332,1,4,3,2,1,3,3,2,2,0
1334,1,4,2,2,1,2,1,2,2,0
1336,2,4,2,2,3,1,1,3,1,0
1337,2,4,2,1,2,2,3,1,2,0
1342,2,4,3,3,3,2,2,1,1,0
1343,1,4,3,1,1,2,1,3,3,0
1344,1,4,2,1,1,1,3,1,1,0
1345,3,4,2,3,3,2,1,1,2,0
1346,1,3,2,1,2,3,2,1,3,0
1347,1,3,2,2,1,3,2,2,1,0
1348,2,4,1,3,3,1,3,2,2,0
1349,2,4,1,3,3,3,3,2,3,0
1350,3,4,2,3,3,3,3,2,2,0
1351,3,4,1,1,3,3,3,3,1,0
1352,2,4,3,2,2,3,1,1,2,0
1353,3,4,1,2,3,3,1,2,1,0
1354,1,3,2,1,2,1,2,1,1,0
1357,2,4,2,1,1,1,2,2,1,0
1359,2,3,1,1,3,1,3,3,2,0
1360,2,4,2,2,2,2,2,1,2,0
1361,1,3,1,1,1,3,1,1,1,0
1363,1,3,3,1,1,1,2,3,2,0
1364,1,3,1,1,1,2,3,3,1,0
1365,1,4,1,1,1,1,2,3,1,0
1366,1,4,3,2,1,3,3,2,3,0
1369,2,4,3,2,1,2,1,1,3,0
1371,3,4,2,1,2,2,2,2,3,0
1373,2,4,1,1,1,3,1,2,1,0
1377,2,4,1,2,3,2,1,1,3,0
1379,1,4,2,3,3,3,3,1,3,0
1380,2,4,2,2,2,2,3,2,2,0
1381,3,3,1,1,3,2,2,1,2,0
1382,1,3,1,1,3,2,2,3,2,0
1385,2,4,2,2,1,2,3,1,1,0
1386,1,4,2,1,2,2,2,2,1,0
1387,2,4,1,3,2,2,3,3,1,0
1390,2,4,2,2,3,2,1,3,1,0
1391,1,4,1,2,2,1,1,2,3,0
1394,2,4,3,2,1,1,1,1,2,0
1399,1,4,2,2,1,3,1,1,2,0
1400,3,4,3,2,2,3,3,1,3,0
1401,2,4,1,1,3,1,1,2,2,0
1402,2,4,1,2,3,3,1,3,3,0
1403,2,4,3,2,1,2,3,3,2,0
1404,3,4,2,2,2,2,2,2,1,0
1406,1,4,3,1,1,3,1,2,3,0
1407,2,4,3,3,3,3,1,2,1,0
1409,2,4,1,1,2,3,2,1,2,0
1410,1,4,2,1,1,3,3,3,3,0
1411,2,4,2,3,1,1,1,2,3,0
1412,3,4,1,3,3,3,2,2,1,0
1414,1,4,3,1,1,3,3,1,2,0
1416,2,3,1,2,3,1,2,3,1,0
1417,2,4,2,2,2,3,3,1,2,0
1419,2,4,1,2,3,1,2,1,3,0
1421,2,4,1,2,3,2,3,3,1,0
1422,2,4,2,2,2,3,2,2,1,0
1425,2,3,1,3,3,1,1,1,1,0
1426,2,4,1,2,3,3,3,3,2,0
1427,2,3,1,1,2,1,2,1,3,0
1428,2,3,1,1,1,1,1,3,3,0
1431,1,4,1,1,2,1,3,3,1,0
1433,2,4,2,1,1,1,3,2,3,0
1434,2,4,2,2,1,2,3,2,1,0
1435,1,3,1,1,2,2,2,2,2,0
1438,1,3,1,3,3,2,1,3,1,0
1439,2,3,1,1,1,2,2,3,2,0
1440,2,4,2,2,2,3,3,1,1,0
1441,3,4,1,2,3,2,3,2,2,0
1442,1,4,1,1,1,2,1,2,3,0
1444,2,3,1,1,3,2,1,2,2,0
1447,1,4,1,2,2,2,1,2,1,0
1448,1,4,2,3,1,2,1,1,3,0
1450,3,4,2,3,2,2,3,3,3,0
1452,2,4,2,2,3,3,2,1,2,0
1453,2,4,3,2,2,3,2,3,1,0
1455,2,4,1,2,2,2,3,1,1,0
1458,2,3,1,3,3,3,3,2,2,0
1459,2,4,1,2,3,3,2,3,1,0
1462,2,4,3,3,3,2,2,2,2,0
1465,1,4,2,1,2,3,3,2,3,0
1466,2,4,2,2,3,3,1,3,3,0
1467,2,3,1,1,1,3,1,2,3,0
1469,2,4,3,1,1,2,3,3,3,0
1470,1,4,3,2,2,2,3,2,2,0
1471,2,4,3,3,3,2,3,3,1,0
1473,1,4,2,3,2,1,3,1,3,0
1474,1,4,3,3,2,3,2,3,3,0
1475,1,4,3,2,1,3,2,3,3,0
1477,1,4,3,2,1,3,3,3,1,0
1480,2,4,2,3,2,3,1,3,2,1
1482,2,4,1,3,3,2,1,2,3,1
1484,1,3,1,1,3,2,3,1,3,1
1488,2,4,3,2,2,3,1,1,2,1
1490,2,4,3,2,1,1,1,2,1,1
1491,2,4,1,3,3,1,1,3,2,1
1492,3,4,1,3,2,3,1,3,1,1
1493,2,3,2,2,2,1,3,1,2,1
1494,1,4,2,1,3,1,2,1,3,1
1497,3,4,1,3,3,3,1,3,3,1
1499,2,4,1,2,3,1,3,2,1,1
1500,2,3,1,1,2,1,1,1,3,1
1502,3,4,3,2,1,3,1,3,1,1
1503,1,4,3,2,1,2,3,2,1,1
1506,2,4,2,3,2,1,3,1,3,1
1507,1,3,2,2,3,1,1,2,2,1
1508,2,4,3,2,2,2,1,1,2,1
1510,1,3,2,1,1,1,1,2,2,1
1511,1,3,2,1,2,1,3,2,1,1
1512,2,4,2,1,1,1,2,2,1,1
1513,1,4,2,2,1,3,2,3,2,1
1515,2,3,1,3,3,2,3,1,1,1
1518,2,4,1,3,3,2,2,1,2,1
1522,2,4,3,2,1,1,3,2,2,1
1523,2,4,3,1,1,1,2,2,2,1
1524,2,4,1,3,3,1,1,3,3,1
1527,2,3,3,1,1,2,1,2,1,1
1528,2,4,3,2,3,2,1,2,2,1
1531,2,4,3,1,1,1,1,1,1,1
1532,1,4,1,3,3,3,3,3,2,1
1533,2,4,1,3,3,1,2,1,1,1
1534,2,4,3,2,1,1,3,2,3,1
1536,1,2,1,2,3,1,1,1,3,1
1537,2,4,1,3,3,1,3,1,1,1
1538,2,4,3,1,1,1,1,2,3,1
1539,2,3,2,2,3,2,2,1,3,1
1540,2,4,3,1,1,2,2,3,3,1
1542,1,2,2,1,1,3,2,3,3,1
1543,2,4,2,2,2,1,1,1,2,1
1544,2,4,1,1,2,3,1,3,2,1
1546,2,3,3,1,1,3,2,2,2,1
1547,1,4,1,3,3,2,2,2,2,1
1548,2,4,3,1,1,1,2,3,1,1
1549,2,3,3,1,2,3,3,3,2,1
1550,2,4,3,3,1,2,1,3,3,1
1552,2,4,1,2,2,2,2,1,3,1
1554,3,4,3,1,1,3,1,2,3,1
1555,2,4,1,2,1,3,3,3,2,1
1559,2,4,2,3,3,3,3,3,2,1
1560,1,4,3,2,1,1,1,3,1,1
1561,1,3,2,1,1,2,3,3,2,1
1564,1,4,3,2,2,2,1,2,3,1
1565,1,4,3,1,1,3,2,1,1,1
1566,2,3,1,2,3,1,2,2,1,1
1569,1,4,2,3,3,2,3,1,2,1
1571,2,4,1,3,3,1,1,1,3,1
1573,1,4,1,3,3,1,3,3,3,1
1574,2,4,2,1,1,2,1,3,1,1
1577,2,4,1,3,3,1,2,2,3,1
1579,1,4,1,3,3,2,1,3,1,1
1581,1,4,3,1,2,2,3,2,3,1
1582,3,4,1,3,3,2,2,2,2,1
1583,2,4,2,2,1,2,2,3,2,1
1584,2,4,1,1,1,1,3,3,3,1
1586,2,3,2,2,2,2,2,2,1,1
1587,2,4,3,2,1,2,3,1,2,1
1589,2,4,3,3,2,2,1,3,3,1
1590,2,3,1,3,3,3,1,2,1,1
1592,1,4,3,1,2,1,1,1,2,1
1593,2,3,1,3,3,1,1,3,2,1
1594,3,4,2,2,1,1,3,2,1,1
1595,2,4,3,2,2,2,1,3,3,1
1596,3,3,3,2,1,1,2,1,2,1
1597,2,4,2,2,3,3,1,1,2,1
1599,2,4,3,2,1,2,1,3,1,1
1600,2,3,1,2,3,3,1,1,1,1
1601,2,3,3,1,1,2,1,2,3,1
1603,1,4,1,1,2,3,3,2,2,1
1604,2,3,2,2,3,3,1,1,2,1
1605,2,3,1,3,3,1,2,3,1,1
1606,1,4,1,3,3,1,3,3,1,1
1608,2,4,3,1,1,2,1,2,2,1
1609,1,3,2,2,3,1,1,3,2,1
1610,2,3,2,2,2,1,1,2,1,1
1614,2,4,1,2,3,2,2,3,3,1
1616,2,4,3,2,2,1,3,2,1,1
1617,2,4,1,2,2,3,3,3,3,1
1620,2,4,2,2,3,3,1,2,2,1
1621,2,4,1,3,3,2,1,1,1,1
1623,2,4,1,3,3,3,1,3,1,1
1624,2,3,3,1,1,2,1,2,3,1
1625,2,4,3,1,1,2,1,1,3,1
1626,2,4,1,2,2,3,3,3,1,1
1627,2,3,3,2,2,3,3,2,3,1
1628,2,3,1,2,3,1,3,2,2,1
1629,1,3,2,3,3,1,2,1,2,1
1630,2,4,1,3,3,3,1,1,2,1
1631,2,4,3,2,1,1,2,1,3,1
1634,1,4,1,3,3,1,1,1,1,1
1636,2,4,3,3,2,2,2,2,3,1
1639,2,4,2,2,1,1,3,1,1,1
1641,2,4,1,3,3,3,1,1,2,0
1644,2,4,2,1,1,2,2,1,1,0
1646,1,4,1,3,1,3,1,2,2,0
1647,2,4,1,2,2,3,3,3,2,0
1649,2,2,3,2,3,3,1,3,3,0
1651,2,3,2,2,3,3,1,1,2,0
1654,1,4,3,3,1,3,1,1,2,0
1655,2,4,2,2,3,2,2,3,3,0
1656,1,4,1,3,1,1,1,1,2,0
1657,1,4,1,3,2,1,1,2,2,0
1658,1,4,1,3,2,2,1,1,1,0
1659,2,3,2,2,3,2,2,3,2,0
1660,2,3,3,1,3,3,3,3,2,0
1661,2,4,2,1,1,1,1,1,1,0
1662,1,4,2,3,1,1,1,1,2,0
1664,1,4,1,2,1,1,1,3,2,0
1665,2,4,2,1,2,3,2,3,2,0
1667,2,4,1,2,1,3,2,3,3,0
1669,1,4,1,3,1,1,1,1,1,0
1671,1,3,1,2,3,2,3,2,2,0
1677,2,3,3,3,2,2,3,2,2,0
1678,1,3,2,2,2,1,2,2,3,0
1679,2,4,1,2,2,2,3,2,3,0
1684,1,4,1,2,1,2,1,1,1,0
1685,2,4,1,3,1,1,3,1,1,0
1687,2,3,3,1,2,1,2,3,1,0
1688,2,4,2,3,1,2,1,3,1,0
1691,2,3,3,1,1,3,3,3,3,0
1692,1,3,2,2,1,2,2,2,1,0
1693,2,3,2,1,3,2,3,2,2,0
1695,1,3,2,2,3,2,2,1,1,0
1696,2,4,3,1,3,2,1,2,3,0
1697,1,3,2,3,2,2,2,1,1,0
1698,2,3,3,1,2,1,3,1,2,0
1700,2,4,3,1,2,2,2,3,2,0
1701,1,4,1,1,1,2,3,2,3,0
1702,1,3,3,3,3,2,2,2,2,0
1704,2,4,1,2,2,1,2,3,3,0
1705,1,4,1,3,1,2,1,3,1,0
1706,3,3,2,2,3,1,2,3,1,0
1707,2,4,3,1,2,2,3,1,3,0
1708,1,3,3,2,3,2,2,2,3,0
1709,2,4,1,2,1,2,1,3,1,0
1710,1,4,1,3,1,3,2,3,2,0
1713,3,3,2,2,3,3,1,3,2,0
1716,2,4,3,3,2,1,3,3,1,0
1717,2,3,3,2,3,3,3,3,2,0
1719,3,4,2,1,3,2,1,3,3,0
1720,1,4,1,3,1,1,3,3,1,0
1722,2,4,3,3,3,2,1,2,1,0
1723,1,4,1,3,2,2,3,2,2,0
1724,2,4,3,2,3,1,2,3,1,0
1727,2,4,2,1,2,1,2,2,2,0
1729,1,4,1,3,1,3,1,3,1,0
1732,2,4,3,1,1,2,3,1,3,0
1734,1,4,1,2,1,2,1,1,3,0
1736,1,4,2,1,1,3,3,1,3,0
1737,3,4,2,1,2,1,2,1,2,0
1738,2,4,3,1,3,3,2,3,3,0
1739,3,4,3,1,2,3,1,2,2,0
1740,3,4,3,1,2,2,1,1,1,0
1741,2,3,3,1,1,1,1,3,1,0
1743,3,2,3,1,3,2,2,3,3,0
1744,2,4,2,2,2,1,2,2,2,0
1748,2,3,3,2,2,3,3,3,3,0
1750,2,4,3,3,3,3,2,1,3,0
1752,2,3,2,2,3,1,1,2,2,0
1753,2,4,2,1,1,3,3,2,3,0
1754,1,4,1,2,1,2,2,1,2,0
1757,2,4,2,1,1,2,1,2,3,0
1758,2,4,2,1,1,2,1,2,2,0
1759,2,3,2,1,3,1,3,2,1,0
1762,2,4,3,1,3,1,1,2,1,0
1765,3,3,3,1,3,3,3,1,3,0
1766,2,3,3,1,3,1,1,1,3,0
1767,1,4,1,3,1,3,2,1,3,0
1768,2,4,2,2,1,2,3,1,3,0
1770,2,4,3,2,3,1,3,3,2,0
1771,1,4,1,2,1,3,3,3,1,0
1773,3,3,3,1,3,3,3,3,2,0
1774,2,4,2,1,3,2,3,1,2,0
1775,1,3,1,3,1,3,1,2,2,0
1776,3,3,3,1,3,1,3,1,2,0
1777,2,4,2,2,1,1,1,2,1,0
1781,2,4,3,3,3,1,1,3,2,0
1782,2,4,1,3,2,3,1,3,3,0
1784,3,3,3,1,3,2,1,2,1,0
1786,1,3,3,3,2,2,1,2,3,0
1790,2,4,1,3,1,1,3,3,1,0
1791,2,3,2,1,1,1,2,3,2,0
1793,3,3,2,2,3,2,3,3,1,0
1796,2,4,1,1,3,1,1,3,2,0
1797,1,3,3,3,1,3,2,2,3,0
1798,1,4,1,3,1,1,2,1,1,0
1800,2,3,2,3,3,2,2,1,1,0
1801,2,4,2,2,2,1,1,3,3,0
1804,2,3,3,2,3,2,3,2,2,0
1807,1,4,2,2,1,1,3,2,3,0
1809,2,4,2,2,2,3,1,1,1,0
1810,2,4,1,3,1,2,2,2,1,0
1812,1,4,1,3,1,1,3,1,2,0
1813,2,4,2,3,3,3,1,1,1,0
1816,2,4,3,2,1,2,2,3,2,0
1818,2,4,2,1,2,2,2,3,3,0
1820,2,4,2,1,1,2,3,1,2,0
1822,1,3,2,2,1,1,2,3,3,0
1823,2,4,2,2,2,2,1,3,2,0
1824,2,4,3,1,3,2,1,1,3,0
1825,3,4,3,2,3,1,3,1,1,0
1826,1,4,1,2,1,1,3,1,2,0
1827,2,3,2,3,3,1,3,3,2,0
1828,2,4,3,1,1,3,1,1,2,0
1829,2,2,3,1,3,1,3,1,2,0
1830,1,4,1,3,1,2,2,2,2,0
1831,2,3,2,1,3,1,1,3,3,0
1833,2,4,1,3,1,3,3,3,2,0
1834,2,3,1,1,3,1,1,3,3,0
1835,2,4,2,2,3,3,1,2,2,0
1836,3,3,3,2,3,1,1,3,3,0
1839,1,4,1,1,1,1,2,1,1,0
1841,2,3,3,2,3,3,2,1,1,0
1842,3,3,2,1,3,2,2,3,1,0
1843,2,4,2,3,3,3,1,1,2,0
1845,2,4,2,1,2,3,2,2,2,0
1848,2,3,2,3,3,3,3,3,2,0
1850,2,4,2,3,1,2,1,1,1,0
1851,1,3,2,2,1,2,1,2,3,0
1853,1,3,1,3,1,2,3,3,2,0
1859,2,2,3,1,3,3,3,3,2,0
1860,1,4,3,1,1,2,3,3,3,0
1866,2,4,1,3,2,3,3,2,1,0
1868,2,2,3,1,3,2,1,1,3,0
1869,2,3,3,2,1,1,3,3,3,0
1870,2,4,2,1,1,3,1,1,1,0
1871,2,4,2,2,3,2,2,2,1,0
1872,1,3,2,3,3,1,2,3,3,0
1873,2,3,2,1,3,1,2,3,1,0
1874,1,4,3,3,3,1,1,2,1,0
1876,2,3,2,1,2,2,2,3,1,0
1878,1,4,2,2,1,1,1,1,2,0
1879,3,4,2,3,3,1,3,2,3,0
1881,2,3,1,1,1,2,2,1,1,0
1886,1,4,2,3,1,3,1,1,3,0
1887,3,4,3,1,3,1,3,3,1,0
1888,3,3,2,1,3,2,3,3,3,0
1889,1,3,3,3,3,2,3,3,1,0
1890,3,4,2,1,3,3,2,2,1,1
1892,2,4,3,3,1,1,1,1,1,1
1895,2,4,3,3,1,3,3,3,1,1
1896,2,4,1,3,3,3,2,1,2,1
1897,1,3,3,2,1,1,3,2,1,1
1899,2,4,2,3,2,1,1,3,3,1
1900,2,4,2,1,3,1,2,1,3,1
1901,2,4,3,2,1,2,3,2,2,1
1902,1,4,2,3,3,3,2,2,3,1
1903,2,4,3,1,3,3,3,1,2,1
1905,2,4,1,1,3,2,2,2,3,1
1906,2,4,1,1,3,1,1,1,3,1
1907,2,4,2,2,3,1,3,1,1,1
1909,2,4,1,1,1,3,2,2,2,1
1910,1,3,1,2,2,3,2,2,2,1
1912,2,4,3,3,1,1,3,3,3,1
1913,2,4,3,3,2,2,2,3,1,1
1914,2,4,2,1,2,2,3,3,1,1
1915,2,4,3,3,2,3,3,3,3,1
1917,2,3,2,2,3,2,2,1,3,1
1918,1,3,1,2,1,1,3,2,1,1
1919,2,4,3,1,1,1,3,3,2,1
1921,2,4,3,3,2,3,1,1,1,1
1923,2,4,3,3,3,2,2,1,3,1
1926,2,3,3,3,1,3,1,3,1,1
1928,2,4,2,2,2,1,3,3,1,1
1929,2,4,1,2,3,2,2,2,3,1
1931,2,3,3,2,1,2,1,3,1,1
1932,2,4,3,3,3,2,1,3,1,1
1933,2,4,3,2,3,3,2,3,3,1
1934,2,4,1,1,3,2,1,3,3,1
1937,1,3,1,2,1,2,2,1,3,1
1938,2,4,1,3,2,3,2,2,1,1
1940,2,4,3,3,1,2,3,1,1,1
1941,2,4,1,1,2,3,3,1,3,1
1942,2,3,2,2,1,1,2,3,3,1
1943,2,4,2,2,2,2,2,1,1,1
1945,2,4,3,3,1,3,2,3,1,1
1947,1,3,1,3,3,1,2,1,2,1
1948,2,4,1,1,3,3,2,1,3,1
1951,2,3,2,1,1,3,2,1,3,1
1952,1,3,2,3,1,3,1,2,1,1
1953,1,3,1,3,2,3,2,3,3,1
1955,3,4,3,1,1,2,3,3,3,1
1956,2,4,3,3,1,2,1,1,3,1
1958,2,4,3,3,1,3,3,3,3,1
1959,2,3,2,3,2,3,1,1,1,1
1960,2,4,2,1,3,1,2,2,3,1
1962,1,3,3,2,2,3,2,3,3,1
1963,1,3,1,3,1,2,2,3,2,1
1964,2,4,3,3,2,2,1,3,1,1
1965,2,4,2,2,2,3,2,2,3,1
1966,2,4,1,2,3,3,3,3,3,1
1969,2,4,1,3,3,2,2,2,1,1
1971,1,4,2,2,3,1,3,3,2,1
1972,1,3,1,1,2,2,1,3,1,1
1973,2,4,2,3,1,1,2,2,1,1
1974,2,4,1,1,3,1,1,1,3,1
1975,2,4,1,2,3,1,2,1,3,1
1977,2,4,3,3,2,3,2,1,3,1
1979,2,3,3,1,1,2,2,2,2,1
1980,2,4,3,3,2,1,1,2,3,1
1982,2,3,3,1,1,1,2,1,1,1
1984,2,4,3,3,1,3,2,2,1,1
1985,1,4,3,3,2,1,2,1,1,1
1986,2,3,2,1,2,2,2,1,3,1
1987,2,3,1,1,2,3,3,1,1,1
1989,2,4,3,3,2,1,3,2,2,1
1990,2,4,2,1,3,1,2,2,2,1
1991,2,4,1,1,1,2,3,3,3,1
1993,2,4,3,2,3,1,3,2,3,1
1994,2,4,2,2,3,3,2,2,3,1
1998,2,4,3,3,3,2,3,1,2,1
1999,2,4,2,3,2,2,3,1,3,1
2000,2,4,3,3,1,1,3,3,1,1
2001,2,3,3,3,1,3,1,3,2,1
2002,2,4,2,2,3,3,2,2,3,1
2003,2,4,2,1,3,3,1,1,1,1
2004,2,4,2,2,3,1,3,2,2,1
2006,2,4,1,2,3,3,3,1,1,1
2008,1,3,1,2,2,2,1,3,2,1
2010,3,4,3,2,1,1,2,2,2,1
2011,2,4,3,3,3,2,2,1,2,1
2012,3,4,3,3,1,2,1,2,1,1
2015,2,4,1,2,3,2,1,1,2,1
2016,2,4,2,1,2,2,1,1,2,1
2017,2,4,3,2,1,1,2,3,3,1
2019,1,3,2,2,1,3,3,3,2,1
2022,1,3,2,1,3,1,1,2,1,1
2023,2,4,3,3,2,3,3,3,3,1
2024,2,4,3,2,2,1,2,1,3,1
2025,2,4,1,1,3,1,3,3,2,1
2026,2,4,1,2,2,3,3,1,1,1
2028,2,4,2,2,2,2,3,1,1,1
2029,2,4,1,2,3,3,1,2,2,1
2030,2,4,2,1,1,2,3,1,1,1
2031,2,3,3,3,1,1,3,2,1,1
2033,3,4,2,1,2,2,2,3,1,1
2036,2,3,3,3,1,3,1,3,3,1
2037,2,4,1,1,2,3,1,1,2,1
2039,1,3,1,2,2,3,1,3,3,1
2041,1,4,3,3,1,3,3,1,1,1
2042,2,4,1,1,3,2,1,3,3,1
2043,2,4,3,2,2,2,2,3,3,1
2046,2,3,1,2,1,1,2,2,2,1
2049,2,4,1,3,2,2,3,3,3,1
2050,2,4,1,3,2,1,2,2,2,0
2052,2,4,2,2,1,1,2,3,2,0
2053,1,4,1,2,2,1,3,1,1,0
2057,1,4,1,1,1,3,3,2,1,0
2058,2,3,2,3,2,3,2,1,1,0
2059,2,4,2,1,3,1,2,3,3,0
2061,1,4,3,1,3,3,1,1,1,0
2063,3,4,2,2,3,2,2,1,2,0
2066,2,4,2,2,1,3,1,1,1,0
2069,2,3,2,3,2,1,2,1,1,0
2074,3,4,2,1,2,1,3,2,3,0
2075,3,4,2,1,3,2,2,2,1,0
2078,1,4,2,1,3,3,3,3,2,0
2079,2,4,3,1,1,3,3,1,1,0
2080,1,3,2,3,3,2,1,1,2,0
2081,1,4,2,2,2,1,3,3,2,0
2082,3,4,2,1,1,3,1,2,1,0
2083,3,4,3,1,3,1,3,2,1,0
2084,2,3,2,2,3,3,3,2,1,0
2089,2,4,3,1,2,2,1,2,3,0
2091,2,4,2,2,1,1,1,3,3,0
2094,2,4,1,3,3,2,3,3,2,0
2095,1,4,2,3,1,1,1,1,1,0
2096,3,4,3,3,1,3,3,3,2,0
2097,3,4,3,2,1,1,3,2,1,0
2100,1,4,1,2,3,1,3,3,1,0
2102,3,3,2,2,3,1,2,2,1,0
2103,3,3,3,1,3,3,1,1,3,0
2105,1,4,2,2,1,3,2,2,2,0
2107,1,3,2,2,2,1,1,3,1,0
2108,2,3,1,3,2,1,2,1,3,0
2110,3,3,1,3,2,2,1,2,3,0
2113,2,4,1,3,3,3,1,1,1,0
2114,2,4,1,1,3,1,3,3,2,0
2115,2,4,3,3,1,3,2,2,2,0
2116,1,4,2,2,2,2,2,2,3,0
2117,3,4,1,2,2,1,2,3,2,0
2118,3,3,2,3,2,1,2,1,3,0
2119,3,3,3,2,3,3,1,3,3,0
2121,2,4,3,1,2,1,1,1,3,0
2122,2,4,2,1,2,3,2,1,1,0
2123,1,3,1,3,2,3,2,2,2,0
2124,1,4,2,3,1,2,1,1,3,0
2125,1,4,2,3,1,2,3,1,3,0
2126,3,4,3,1,2,1,2,2,1,0
2127,3,4,2,1,1,3,3,2,3,0
2130,2,4,1,1,1,2,2,3,2,0
2131,2,4,1,2,2,1,2,1,2,0
2133,2,3,2,2,3,1,1,3,1,0
2134,1,4,2,3,1,3,2,2,1,0
2136,2,4,3,1,1,2,3,2,2,0
2139,2,3,3,3,2,2,3,3,3,0
2140,2,4,1,2,1,3,3,2,2,0
2141,1,4,1,3,1,3,2,2,2,0
2143,2,4,3,3,1,3,2,3,3,0
2144,2,4,3,1,2,3,2,3,3,0
2145,2,4,3,1,3,3,2,2,2,0
2147,3,4,2,2,3,3,3,1,1,0
2149,3,4,3,1,2,1,2,3,1,0
2153,1,3,1,3,1,3,1,1,3,0
2155,1,4,2,3,1,1,1,1,3,0
2156,1,4,2,1,3,1,1,2,3,0
2157,1,4,2,2,1,1,1,3,3,0
2158,2,4,2,2,1,3,1,2,1,0
2160,3,4,3,1,2,1,1,2,2,0
2161,1,4,3,3,1,2,1,1,2,0
2162,3,4,3,2,2,1,1,2,1,0
2163,3,4,3,1,3,1,2,3,1,0
2164,2,4,2,3,1,1,1,1,2,0
2165,1,4,1,3,2,2,3,3,1,0
2167,2,3,3,2,3,1,3,3,2,0
2171,2,4,1,1,3,3,2,3,2,0
2175,2,4,2,2,3,2,1,3,2,0
2177,2,3,2,3,3,1,2,2,2,0
2178,2,3,3,1,2,3,3,2,2,0
2180,1,3,1,3,1,3,1,1,3,0
2181,2,4,1,2,1,2,3,3,3,0
2182,1,4,1,2,3,1,3,3,3,0
2183,2,4,3,1,3,2,2,1,2,0
2185,1,4,2,1,1,3,1,3,3,0
2187,2,4,1,1,3,3,1,2,3,0
2188,1,3,1,3,3,2,2,1,2,0
2189,1,3,2,3,1,2,1,3,1,0
2190,2,4,1,3,1,3,3,2,3,0
2191,3,4,3,3,1,3,1,1,1,0
2194,2,4,2,1,3,3,3,2,2,0
2196,3,4,2,2,2,1,2,1,3,0
2197,3,3,3,3,1,2,1,3,1,0
2198,2,4,1,3,1,1,3,1,3,0
2202,1,4,2,3,1,1,3,3,2,0
2203,1,4,3,3,1,3,3,3,3,0
2204,2,4,3,3,1,3,1,1,3,0
2205,2,3,1,2,3,3,3,2,3,0
2206,3,4,2,1,3,2,2,1,2,0
2208,2,3,2,2,3,1,1,2,1,0
2209,1,4,2,2,2,1,2,1,2,0
2210,3,3,3,3,3,3,1,2,3,0
2211,1,4,2,2,3,3,1,2,1,0
2212,3,4,3,1,3,1,2,2,1,0
2214,2,4,2,1,3,3,3,2,2,0
2215,2,4,1,3,1,2,2,3,1,0
2216,3,3,3,3,3,2,3,3,2,0
2218,1,4,1,3,2,1,3,2,3,0
2219,2,4,3,1,1,3,2,1,3,0
2220,2,4,2,1,1,1,3,1,1,0
2221,1,4,3,3,2,2,3,1,2,0
2222,2,4,2,3,2,3,1,1,2,0
2223,1,4,1,1,2,1,2,2,2,0
2224,1,4,2,3,2,2,1,2,2,0
2226,2,4,1,2,2,3,2,3,3,0
2230,3,4,3,1,1,3,2,2,3,0
2234,2,4,1,1,3,3,3,3,2,0
2236,1,4,2,1,3,1,3,1,3,0
2239,2,4,3,2,2,1,1,1,1,0
2243,1,4,2,3,1,1,3,2,1,0
2246,1,4,1,1,3,2,1,2,1,0
2248,3,4,2,1,3,1,2,2,3,0
2250,2,4,2,1,1,2,2,3,3,0
2252,2,4,2,2,2,2,3,1,3,0
2253,1,3,2,3,1,3,3,1,2,0
2254,2,4,1,1,1,2,2,3,2,0
2257,2,4,3,1,2,2,2,1,1,0
2259,2,4,2,3,1,1,3,1,2,0
2261,1,4,2,2,3,1,2,3,3,0
2263,3,3,3,3,2,2,3,1,3,0
2264,1,3,2,3,3,2,1,1,3,0
2266,1,4,2,2,2,1,3,3,1,0
2268,2,3,3,3,1,2,3,1,1,0
2270,1,4,1,1,3,2,1,1,3,0
2272,2,4,3,2,3,1,1,2,1,0
2275,2,3,3,3,1,3,3,1,2,0
2277,2,3,1,3,2,1,3,3,1,0
2280,3,4,1,3,2,3,2,2,3,0
2281,3,4,3,2,2,1,2,3,3,0
2282,3,4,3,1,1,3,1,3,3,0
2284,1,4,2,2,1,1,1,3,2,0
2286,1,4,3,1,3,3,1,1,2,0
2287,1,4,1,2,1,1,1,3,1,0
2291,1,4,1,1,3,2,3,2,2,0
2293,1,4,3,1,2,2,3,3,2,0
2294,2,4,2,3,1,2,2,3,2,0
2297,2,4,2,2,2,2,1,1,2,0
2298,1,3,1,3,3,2,2,2,2,0
2299,2,4,1,1,2,1,1,3,3,0
2300,1,3,1,1,3,1,1,3,1,1
2304,2,4,3,1,1,2,1,1,2,1
2307,3,4,3,3,1,1,2,2,3,1
2309,2,4,2,3,2,2,2,2,1,1
2310,2,4,1,1,1,3,1,2,1,1
2311,1,4,2,2,2,1,2,1,1,1
2312,1,3,3,3,3,1,1,1,1,1
2314,1,3,2,1,3,3,2,3,3,1
2315,2,4,2,3,3,1,1,2,1,1
2316,2,4,3,2,2,3,3,2,1,1
2317,2,4,2,3,1,2,2,2,2,1
2318,1,3,1,1,3,3,2,1,1,1
2319,2,4,2,1,1,1,3,2,3,1
2321,1,4,3,2,2,3,2,1,3,1
2322,3,4,3,2,1,3,1,1,1,1
2324,1,3,2,1,3,1,2,2,2,1
2325,1,3,2,2,3,1,3,2,2,1
2326,2,4,2,1,2,2,2,3,1,1
2327,2,4,3,1,1,1,3,1,2,1
2328,1,4,1,1,2,3,3,2,1,1
2329,2,4,2,3,1,1,2,3,1,1
2332,1,3,2,2,3,1,2,1,3,1
2334,1,4,1,1,3,2,1,1,3,1
2335,1,3,2,3,3,2,1,2,3,1
2336,3,4,3,3,2,2,1,3,1,1
2337,2,4,3,1,1,1,1,1,3,1
2338,2,4,2,1,1,3,2,1,1,1
2339,2,4,1,3,3,1,3,2,3,1
2341,1,4,1,1,3,2,1,2,3,1
2343,1,2,2,1,3,2,2,3,1,1
2344,2,3,1,3,2,2,1,1,2,1
2345,2,4,3,2,1,3,2,2,2,1
2346,2,4,2,1,1,3,1,3,2,1
2347,1,4,1,1,3,2,3,1,1,1
2349,1,3,2,2,3,1,1,1,3,1
2350,1,4,3,1,1,2,2,2,3,1
2351,1,4,3,2,2,1,2,1,1,1
2352,2,4,2,1,3,1,2,1,1,1
2353,2,4,1,2,1,3,1,1,3,1
2356,1,4,2,2,3,2,2,2,1,1
2357,1,4,3,1,2,2,2,2,3,1
2359,2,4,1,3,2,3,1,1,3,1
2360,2,4,1,3,3,2,3,3,1,1
2363,1,3,1,3,3,2,2,1,3,1
2365,1,4,3,1,2,2,1,2,1,1
2367,2,4,1,3,3,3,1,1,2,1
2369,1,3,2,3,2,2,2,1,1,1
2370,3,4,3,3,1,3,3,3,1,1
2371,2,4,3,3,3,3,1,3,3,1
2372,2,4,3,1,1,2,2,1,3,1
2373,3,4,2,1,1,1,2,2,1,1
2374,1,3,2,1,3,1,2,3,3,1
2375,3,4,1,3,2,1,1,1,3,1
2376,2,4,1,2,2,2,3,3,1,1
2377,2,4,2,2,1,1,1,3,3,1
2378,1,4,1,1,3,2,2,1,2,1
2379,2,3,2,2,3,3,1,3,1,1
2381,1,3,2,1,2,1,2,3,2,1
2382,3,4,2,3,1,3,3,3,1,1
2383,1,2,2,3,2,2,3,3,2,1
2384,2,3,1,3,2,1,2,1,3,1
2385,2,4,3,1,1,2,1,3,3,1
2387,1,3,1,3,3,2,1,3,2,1
2388,1,3,2,3,3,2,3,2,2,1
2393,3,4,1,2,2,2,3,2,3,1
2395,2,3,2,3,2,1,2,1,2,1
2396,2,4,2,2,1,3,1,3,3,1
2397,2,4,3,3,3,3,3,3,2,1
2398,1,3,2,2,3,1,2,3,1,1
2401,1,4,2,1,2,2,1,2,1,1
2403,1,3,1,1,3,1,2,2,2,1
2404,3,4,3,3,2,2,3,3,1,1
2405,1,3,2,1,2,2,3,3,2,1
2407,1,4,3,2,2,2,3,2,1,1
2408,1,3,1,1,3,3,3,1,3,1
2409,1,3,2,2,3,1,3,3,3,1
2413,2,4,1,3,2,1,3,1,3,1
2414,3,4,1,3,1,2,1,1,3,1
2415,2,4,2,1,1,1,3,3,2,1
2416,2,4,2,1,1,2,3,1,3,1
2417,2,3,3,3,3,1,2,1,2,1
2419,1,3,1,3,3,3,2,3,3,1
2421,1,4,3,1,2,1,3,1,2,1
2422,2,4,2,2,3,3,1,1,3,1
2424,2,3,2,3,3,1,1,3,2,1
2426,2,4,2,1,3,3,1,1,2,1
2427,2,4,1,2,2,1,1,1,2,1
2428,3,4,2,1,1,3,2,1,3,1
2429,1,4,3,1,2,3,1,1,1,1
2431,2,4,2,2,1,1,1,3,3,1
2432,2,4,2,3,2,1,1,2,1,1
2434,2,4,3,1,1,2,3,3,3,1
2435,2,4,2,2,3,1,3,1,3,1
2436,1,3,2,2,3,2,3,3,2,1
2438,1,3,1,1,3,2,3,1,1,1
2439,2,3,3,3,3,3,1,3,3,1
2440,2,4,1,1,3,3,1,1,3,1
2442,2,4,2,1,3,3,1,2,2,1
2445,2,4,3,1,1,2,3,1,2,1
2446,3,4,2,3,1,1,3,1,3,1
2447,2,3,2,3,3,1,1,2,3,1
2448,1,4,3,1,2,1,1,2,1,1
2450,2,4,2,3,3,3,1,3,2,1
2452,2,4,3,2,2,1,1,2,2,1
2456,1,3,1,1,3,1,3,2,1,1
2457,2,4,3,2,2,3,3,2,2,1
2458,1,3,3,3,2,2,1,1,2,1
2459,1,4,3,1,2,1,2,2,2,1
2460,3,4,2,3,2,2,3,2,1,0
2461,1,3,2,1,2,2,2,3,2,0
2463,2,3,3,1,3,1,2,3,3,0
2465,1,4,2,3,2,2,2,2,3,0
2466,1,4,3,2,2,1,3,3,1,0
2468,1,4,1,3,2,1,3,3,1,0
2469,2,4,1,1,3,2,3,3,2,0
2471,2,4,2,3,2,3,2,3,1,0
2472,2,4,3,1,2,1,3,1,3,0
2474,1,3,2,3,2,1,3,2,3,0
2475,1,3,3,3,2,3,2,2,2,0
2476,1,3,2,3,1,2,2,3,1,0
2479,1,3,1,2,3,3,1,2,3,0
2480,3,4,1,2,3,3,1,2,3,0
2481,1,3,1,3,2,1,2,3,2,0
2483,3,4,3,1,2,2,3,3,1,0
2484,2,3,3,3,1,2,3,2,3,0
2487,3,4,1,1,2,1,2,1,2,0
2488,2,4,2,2,1,1,2,3,2,0
2492,3,4,1,1,1,3,3,3,1,0
2494,1,3,1,2,3,1,3,2,2,0
2496,1,3,2,2,1,2,3,1,2,0
2499,2,4,2,3,2,2,1,2,3,0
2502,2,4,2,1,2,1,1,2,3,0
2503,2,4,3,2,1,3,1,1,2,0
2504,1,3,2,1,3,1,2,1,1,0
2505,2,4,2,3,1,2,1,2,1,0
2506,2,4,1,2,1,1,1,1,2,0
2507,2,3,2,1,3,3,3,1,3,0
2508,3,4,1,2,2,3,2,3,2,0
2512,3,4,1,1,2,2,1,2,2,0
2513,3,4,1,2,1,3,1,3,1,0
2514,2,3,2,1,2,3,2,3,2,0
2515,1,3,2,2,1,3,1,2,3,0
2519,1,4,3,3,2,2,2,2,1,0
2520,3,4,1,3,3,3,1,2,1,0
2522,3,4,2,2,3,2,2,1,2,0
2524,1,3,2,1,2,3,2,1,1,0
2528,2,3,3,1,2,2,1,1,3,0
2529,2,4,1,1,2,3,3,1,3,0
2530,1,4,1,2,2,3,3,2,2,0
2531,3,4,1,1,2,1,1,2,1,0
2532,3,4,2,1,3,3,1,3,1,0
2533,2,3,2,1,2,2,2,2,2,0
2535,3,4,3,1,3,3,3,2,1,0
2536,3,4,1,1,2,2,3,3,1,0
2537,1,3,3,2,2,1,1,2,2,0
2538,1,3,3,3,2,3,3,3,3,0
2539,2,4,2,3,2,2,2,2,1,0
2540,1,4,1,3,2,2,2,2,2,0
2541,1,3,3,2,3,3,2,3,3,0
2542,1,3,3,3,2,2,2,2,3,0
2543,2,4,3,1,2,1,2,1,1,0
2546,1,3,2,3,1,2,1,2,1,0
2547,1,3,3,3,3,3,2,2,3,0
2548,2,4,1,3,3,1,2,3,3,0
2550,2,4,2,3,3,1,2,2,2,0
2551,2,4,1,1,1,3,2,1,3,0
2556,2,4,2,1,2,3,3,2,2,0
2557,3,4,3,2,3,2,1,3,3,0
2558,1,3,2,2,2,1,3,1,2,0
2559,1,4,2,3,2,2,2,1,2,0
2560,1,3,3,2,1,3,3,1,1,0
2561,1,4,1,3,2,2,1,3,3,0
2562,2,4,1,3,2,2,3,1,2,0
2563,2,4,3,1,2,2,2,1,3,0
2564,1,4,1,3,1,2,2,1,3,0
2566,3,4,2,1,2,2,2,1,3,0
2568,3,4,3,2,1,1,3,1,1,0
2569,1,3,2,3,3,1,2,2,1,0
2572,3,4,2,2,3,3,2,1,3,0
2575,2,4,1,3,2,3,3,2,1,0
2576,2,4,2,2,2,3,2,2,2,0
2577,2,4,2,3,3,3,2,2,3,0
2578,2,4,1,3,2,2,1,1,1,0
2579,2,4,1,2,2,3,3,3,3,0
2580,1,4,1,3,2,3,1,1,3,0
2581,1,4,1,3,2,3,3,1,2,0
2582,1,3,2,2,2,1,2,1,3,0
2584,2,4,2,2,1,1,3,3,2,0
2588,2,3,2,3,3,2,1,1,2,0
2589,1,4,1,3,1,2,3,2,2,0
2593,2,4,1,3,2,1,1,3,3,0
2594,3,4,2,1,2,1,1,1,1,0
2595,2,4,1,2,3,1,2,2,3,0
2603,1,4,2,2,2,2,3,2,3,0
2606,1,2,1,3,2,1,1,2,3,0
2609,1,3,1,3,3,1,1,2,3,0
2612,1,3,2,3,1,2,3,3,2,0
2614,2,4,1,3,3,1,2,3,2,0
2615,2,4,2,3,3,1,1,1,2,0
2617,2,4,1,3,2,1,3,3,3,0
2619,1,3,2,1,1,3,2,3,3,0
2620,1,3,3,3,2,3,3,2,3,0
2621,1,3,2,2,2,3,3,2,1,0
2622,3,4,3,1,2,2,2,1,3,0
2623,3,4,2,1,1,2,2,2,2,0
2626,2,4,1,3,3,1,2,1,1,0
2628,1,3,3,2,1,3,3,1,1,0
2630,3,4,2,3,3,2,3,3,3,0
2631,1,3,1,2,2,1,3,1,1,0
2632,3,4,1,3,2,2,2,3,3,0
2634,2,4,3,3,1,2,1,3,2,0
2635,3,4,3,1,1,3,1,3,2,0
2636,1,3,1,3,2,1,1,2,2,0
2637,3,4,1,1,3,2,1,2,3,0
2639,2,4,1,1,2,3,2,3,2,0
2642,1,3,1,3,3,3,1,2,2,0
2644,1,3,2,1,1,3,1,2,3,0
2647,3,4,1,3,3,2,3,2,3,0
2650,2,4,2,3,1,2,2,3,3,0
2651,3,4,2,1,3,2,1,1,2,0
2653,1,4,2,3,1,2,1,3,3,0
2654,1,4,1,2,1,2,1,3,2,0
2658,2,4,2,2,1,3,2,2,3,0
2661,2,4,1,2,1,2,2,1,1,0
2662,1,3,3,3,2,2,3,2,1,0
2664,2,4,3,1,2,3,1,2,1,0
2666,1,3,1,1,2,1,2,1,2,0
2667,3,4,2,2,2,3,3,1,1,0
2669,3,4,1,3,2,1,3,1,3,0
2671,2,4,1,3,3,1,2,1,3,0
2672,1,4,2,3,2,1,1,2,3,0
2673,1,3,2,2,2,3,2,1,1,0
2674,1,4,3,1,1,3,2,1,3,0
2675,3,4,2,1,2,3,1,3,2,0
2676,2,4,2,1,3,1,2,3,1,0
2679,2,4,1,3,1,1,3,2,3,0
2680,1,3,3,2,1,1,1,1,3,0
2681,1,3,1,3,1,3,1,3,1,0
2682,2,4,1,2,2,3,2,2,2,0
2684,1,3,2,1,3,3,1,2,1,0
2685,2,4,3,2,2,2,3,1,3,0
2686,2,4,1,1,1,3,2,3,1,0
2687,3,4,3,1,2,2,3,3,2,0
2688,1,4,1,3,2,3,1,1,3,0
2689,2,4,1,2,1,3,1,3,1,0
2692,1,3,1,2,2,3,2,2,3,0
2694,1,3,2,3,1,3,1,1,3,0
2700,2,4,3,1,2,1,3,3,3,0
2701,2,4,2,1,2,3,1,3,1,0
2702,1,3,1,3,2,2,1,3,1,0
2704,3,4,2,2,2,3,3,2,1,0
2705,1,3,1,3,3,3,1,2,1,0
2706,2,4,3,1,3,1,1,2,1,0
2710,1,3,1,2,3,2,1,3,1,1
2712,1,3,2,2,2,2,3,1,1,1
2713,2,4,3,2,3,2,3,1,2,1
2714,2,3,2,1,2,2,2,2,2,1
2715,1,2,1,2,2,1,2,3,2,1
2716,2,4,3,2,1,2,2,1,2,1
2719,3,4,3,1,1,2,3,3,2,1
2720,1,3,1,3,2,3,2,1,2,1
2721,1,4,2,3,2,2,3,3,2,1
2722,3,4,3,1,1,2,3,1,2,1
2723,2,4,2,2,1,1,2,2,1,1
2725,2,4,3,1,1,3,1,1,3,1
2726,2,4,1,3,3,1,2,1,1,1
2727,1,3,2,3,3,1,1,2,1,1
2728,1,3,2,3,1,3,1,3,1,1
2733,2,4,2,2,3,3,2,3,3,1
2734,1,3,3,3,1,3,2,3,1,1
2737,2,3,2,2,1,3,1,2,1,1
2738,2,4,2,2,3,2,3,2,2,1
2740,2,4,2,1,3,2,3,1,3,1
2741,3,4,1,2,1,3,3,1,1,1
2743,2,4,1,1,3,3,2,2,2,1
2746,1,3,3,2,2,1,2,1,1,1
2747,2,4,3,3,3,2,2,2,1,1
2748,1,3,2,3,3,2,1,2,2,1
2749,1,4,3,2,2,3,3,1,2,1
2752,1,3,2,3,3,3,3,2,3,1
2754,1,3,1,3,1,1,3,3,1,1
2757,1,3,1,1,3,2,2,3,3,1
2759,2,4,3,3,2,3,2,1,3,1
2761,1,4,1,2,2,1,1,1,1,1
2762,1,3,1,2,3,2,3,2,1,1
2764,1,4,1,3,3,2,3,3,3,1
2766,2,4,3,2,1,1,2,2,2,1
2767,2,4,2,2,1,1,3,1,2,1
2768,3,4,3,2,1,2,3,3,3,1
2769,2,4,1,3,3,1,1,2,2,1
2770,2,3,1,2,1,1,2,2,3,1
2772,2,4,3,2,1,1,3,2,1,1
2773,3,4,1,1,1,1,1,1,1,1
2774,2,4,2,2,3,1,2,1,1,1
2775,1,2,3,2,3,3,3,1,3,1
2777,1,2,1,1,3,1,2,3,3,1
2778,1,3,3,3,3,2,3,1,1,1
2779,3,4,2,1,1,2,2,1,2,1
2780,2,4,3,1,3,3,3,1,3,1
2781,2,4,2,2,3,3,3,2,2,1
2782,2,4,3,2,2,1,2,2,3,1
2785,3,4,1,1,1,2,1,1,1,1
2786,3,4,1,1,1,3,1,3,1,1
2788,1,4,3,2,3,3,2,3,2,1
2790,2,3,3,1,1,2,2,3,2,1
2791,2,4,3,1,1,3,1,2,1,1
2793,1,4,3,3,2,3,1,1,3,1
2795,1,3,3,2,3,1,3,2,1,1
2796,3,4,1,1,1,2,3,2,1,1
2797,2,3,1,2,2,2,1,3,3,1
2798,1,3,3,3,3,2,1,3,2,1
2799,2,4,2,1,2,2,1,1,1,1
2800,2,4,1,3,1,1,3,2,2,1
2801,1,3,1,3,3,2,1,1,3,1
2802,1,3,2,1,3,1,1,1,2,1
2803,2,3,2,1,3,3,2,2,3,1
2804,1,3,2,3,3,1,2,2,3,1
2806,2,3,2,2,1,2,2,3,3,1
2809,2,4,2,1,1,3,2,3,3,1
2813,2,4,1,2,2,3,3,2,2,1
2815,2,3,3,2,1,2,1,2,1,1
2817,2,4,3,1,1,3,3,2,3,1
2819,2,4,3,2,1,2,3,3,3,1
2821,3,4,1,3,1,3,1,1,1,1
2823,2,4,1,3,3,3,3,1,3,1
2824,3,4,1,2,1,2,3,2,2,1
2825,1,4,3,3,2,3,3,2,1,1
2826,1,4,1,2,3,1,1,3,3,1
2827,1,4,2,3,3,2,1,1,1,1
2829,2,4,3,1,1,2,1,2,2,1
2832,3,4,3,1,1,3,3,1,3,1
2833,2,4,2,2,3,2,2,3,3,1
2834,3,4,3,3,1,3,3,2,1,1
2835,2,4,1,2,3,2,2,2,2,1
2836,2,4,1,3,3,2,1,3,2,1
2837,2,4,1,3,2,1,3,2,2,1
2838,2,4,3,3,2,3,3,2,3,1
2841,2,4,1,3,3,1,2,1,1,1
2842,1,4,3,2,2,3,1,3,1,1
2844,2,4,1,2,3,2,3,2,2,1
2848,1,3,1,2,3,1,3,2,1,1
2849,1,3,1,2,3,2,2,2,3,1
2851,2,4,3,1,1,3,1,2,2,1
2853,1,4,2,3,3,2,1,2,2,1
2855,2,4,1,1,3,1,1,1,3,1
2856,2,4,3,3,3,1,3,3,1,1
2859,1,4,2,3,3,2,2,2,2,1
2860,2,4,1,2,3,1,3,3,2,1
2861,3,4,2,2,3,3,1,2,3,1
2862,2,3,1,1,2,2,1,1,2,1
2863,1,4,3,3,3,3,1,3,3,1
2864,3,4,1,1,3,3,3,2,2,1
2865,3,4,1,1,3,3,1,2,3,1
2867,2,4,1,2,2,2,3,3,2,1
2869,2,4,1,1,3,2,3,1,1,0
2871,2,3,2,2,3,1,1,1,1,0
2877,3,2,3,3,2,3,1,2,1,0
2878,1,4,3,2,2,2,3,1,2,0
2879,1,4,1,2,3,2,3,3,3,0
2880,1,4,3,3,1,2,3,2,1,0
2881,1,4,3,3,2,2,1,1,2,0
2883,2,3,3,3,1,2,1,1,2,0
2884,2,4,3,2,1,2,2,3,1,0
2885,2,4,2,2,3,1,2,3,2,0
2887,2,4,1,1,1,2,3,2,2,0
2891,1,4,3,3,2,3,1,3,3,0
2893,1,4,1,1,1,1,3,3,3,0
2894,3,4,3,2,1,3,3,1,3,0
2895,3,3,2,2,2,2,3,3,1,0
2897,2,4,1,1,1,2,1,2,3,0
2899,1,4,1,1,2,3,1,2,3,0
2900,2,4,3,2,3,1,2,2,2,0
2902,2,4,2,2,1,1,1,1,2,0
2905,1,4,3,2,2,3,1,2,2,0
2906,2,4,1,1,2,1,3,3,1,0
2910,2,3,1,2,3,1,3,3,1,0
2911,3,4,2,2,1,1,2,3,3,0
2912,1,2,3,2,3,1,3,3,2,0
2915,1,4,3,2,1,3,2,2,1,0
2916,1,4,3,2,2,1,2,2,3,0
2917,1,4,2,1,1,1,2,1,2,0
2918,1,4,3,3,2,2,2,3,2,0
2919,2,4,1,2,1,2,2,2,2,0
2921,2,4,1,1,2,3,3,2,3,0
2922,3,4,3,3,2,1,3,1,3,0
2923,2,3,1,2,3,3,3,1,3,0
2924,2,4,1,1,3,1,3,1,2,0
2925,3,3,2,2,2,1,3,1,3,0
2926,2,4,3,2,1,2,1,3,3,0
2927,2,4,1,1,3,3,2,2,1,0
2929,2,4,1,1,1,1,3,2,1,0
2930,3,2,3,3,3,3,2,1,1,0
2931,3,4,1,2,1,3,3,2,1,0
2932,1,4,3,2,1,2,1,2,2,0
2934,2,4,2,2,3,3,1,2,2,0
2935,2,4,3,2,2,1,2,3,1,0
2938,1,4,2,1,1,1,2,1,3,0
2939,1,3,2,2,3,2,2,3,2,0
2940,1,3,2,3,3,2,3,1,2,0
2941,1,4,3,2,1,3,3,2,2,0
2942,2,4,2,2,1,3,1,2,1,0
2943,3,3,3,2,1,1,3,1,1,0
2945,3,4,1,2,1,1,3,3,1,0
2946,1,4,3,2,1,1,2,1,3,0
2949,2,4,2,2,2,1,1,1,3,0
2950,1,4,3,3,1,3,2,1,3,0
2953,2,3,1,2,3,2,3,1,3,0
2954,1,4,3,2,1,2,1,3,2,0
2956,1,3,2,3,3,1,2,3,2,0
2957,3,4,1,2,2,3,1,2,1,0
2959,1,4,2,2,3,1,2,2,1,0
2960,1,4,3,3,3,2,3,3,2,0
2962,3,4,1,1,2,3,2,3,1,0
2964,3,4,1,1,2,1,3,2,3,0
2965,3,4,1,2,1,2,1,2,1,0
2966,1,3,2,2,3,3,3,1,3,0
2968,1,3,3,3,3,1,3,2,2,0
2969,1,4,3,3,3,1,1,1,2,0
2971,1,4,2,2,2,1,3,3,3,0
2973,2,3,1,1,3,2,2,3,1,0
2974,2,3,2,3,3,1,2,3,2,0
2975,1,4,3,3,3,2,3,1,1,0
2976,1,4,1,1,1,1,2,1,2,0
2977,1,4,3,2,1,2,1,2,3,0
2979,2,4,1,2,2,2,3,3,1,0
2980,1,4,2,2,1,2,3,1,2,0
2982,3,4,1,2,3,2,3,3,2,0
2983,2,3,2,2,2,2,3,2,2,0
2986,1,4,2,1,3,2,3,1,3,0
2987,1,4,1,2,2,2,1,1,3,0
2988,1,4,1,2,2,1,3,1,3,0
2991,2,4,1,2,2,2,2,1,3,0
2993,1,4,3,3,2,2,2,1,2,0
2994,1,4,3,2,2,3,3,3,3,0
2995,1,4,3,2,1,1,2,2,2,0
2997,3,3,1,1,3,1,2,1,1,0
3000,2,4,2,2,1,3,3,3,3,0
3003,1,3,2,3,3,2,3,3,2,0
3004,2,4,1,2,2,3,1,2,2,0
3009,3,4,1,1,3,1,2,1,3,0
3010,1,4,3,1,1,2,1,3,3,0
3011,2,3,2,3,3,2,2,2,1,0
3012,2,3,3,2,3,3,2,1,1,0
3016,1,3,2,3,3,1,1,3,1,0
3017,3,4,1,3,2,1,1,2,3,0
3019,3,4,1,2,2,3,1,1,1,0
3021,3,3,2,3,3,3,2,1,3,0
3023,1,4,3,2,1,3,2,1,1,0
3024,2,3,3,2,2,1,2,2,2,0
3025,2,4,2,1,1,1,3,1,2,0
3026,3,3,1,2,3,2,2,1,1,0
3027,1,3,3,3,2,3,2,1,1,0
3028,1,3,3,3,3,2,2,3,1,0
3030,2,4,1,2,3,2,1,1,1,0
3031,3,4,1,2,2,1,2,1,3,0
3032,2,4,3,3,1,1,3,1,1,0
3033,2,4,2,3,3,1,1,1,3,0
3036,3,4,2,2,2,3,3,1,3,0
3037,2,4,2,3,3,2,2,2,2,0
3038,1,4,1,2,3,3,3,3,1,0
3040,1,4,3,2,2,1,3,1,2,0
3042,1,3,3,3,2,3,2,3,1,0
3043,1,4,3,3,2,3,2,1,3,0
3044,2,4,2,2,1,2,2,2,1,0
3045,1,4,1,2,2,2,3,3,2,0
3046,1,4,2,3,2,1,2,3,1,0
3047,1,4,2,2,2,3,1,2,1,0
3049,3,3,1,3,3,2,1,1,3,0
3051,3,4,2,2,3,3,2,2,3,0
3053,2,4,2,1,1,2,3,1,1,0
3054,3,3,2,2,1,2,1,3,2,0
3055,3,4,2,1,1,1,3,3,1,0
3057,2,4,2,2,1,1,1,2,3,0
3060,3,3,2,2,2,3,3,3,1,0
3061,1,4,3,2,1,2,1,3,3,0
3066,1,4,1,1,1,1,3,1,3,0
3068,1,4,3,2,1,2,3,3,1,0
3071,3,3,2,2,3,2,2,3,2,0
3074,3,4,1,1,2,2,2,3,2,0
3075,2,3,2,2,2,2,3,1,2,0
3077,3,4,1,1,1,1,2,2,3,0
3081,3,3,2,3,3,1,2,1,1,0
3082,1,4,3,2,1,1,2,2,3,0
3083,1,3,3,2,3,2,1,2,3,0
3084,2,3,3,2,3,1,3,3,1,0
3085,2,4,1,1,1,1,1,2,1,0
3088,1,4,3,3,3,3,2,1,2,0
3089,3,4,1,1,2,2,1,1,2,0
3092,2,4,1,2,3,1,3,2,2,0
3093,3,4,2,2,1,1,3,2,1,0
3094,1,4,2,2,2,1,1,3,2,0
3095,2,4,3,2,2,1,2,2,2,0
3096,2,3,3,3,2,2,2,3,1,0
3097,1,4,1,1,2,1,2,3,3,0
3100,1,3,3,3,2,3,3,1,3,0
3102,2,4,2,2,1,2,2,3,2,0
3103,1,4,3,2,2,1,1,2,2,0
3104,3,3,1,2,3,2,3,1,1,0
3105,3,3,1,2,3,2,2,2,2,0
3108,3,4,1,2,2,3,3,3,3,0
3109,1,4,2,2,1,3,3,2,3,0
3114,2,4,3,2,3,2,3,1,1,0
3115,1,3,2,2,3,1,3,3,2,0
3116,1,3,3,2,3,2,2,2,1,0
3118,2,4,1,1,2,2,3,2,2,1
3119,2,4,2,1,2,1,1,3,3,1
3120,2,3,1,3,2,3,1,1,2,1
3124,2,4,1,1,2,3,3,2,3,1
3126,2,3,3,3,2,2,2,3,3,1
3128,1,4,1,2,3,3,2,1,1,1
3129,1,4,2,1,3,1,2,3,2,1
3130,2,3,3,3,1,2,2,2,3,1
3132,2,4,3,2,3,1,1,1,3,1
3133,1,4,3,2,3,3,1,1,3,1
3134,2,3,1,3,1,3,2,2,1,1
3135,2,4,3,3,1,1,2,2,3,1
3136,2,4,1,1,3,2,2,2,2,1
3138,3,4,1,2,2,2,1,1,1,1
3139,2,3,3,2,2,2,1,2,3,1
3141,2,4,3,2,2,3,3,3,1,1
3143,1,4,2,3,2,1,1,2,3,1
3145,2,4,1,3,2,1,1,1,2,1
3146,2,4,2,2,2,1,2,2,2,1
3147,1,3,1,3,2,2,1,1,2,1
3148,2,3,1,3,1,3,2,2,2,1
3149,1,4,1,2,3,3,2,2,2,1
3151,1,4,1,1,3,3,2,3,2,1
3154,2,4,1,2,2,1,3,3,2,1
3155,3,3,1,2,2,2,1,2,2,1
3156,2,4,2,2,1,2,2,2,1,1
3157,1,4,2,1,3,3,1,1,2,1
3159,2,3,3,3,1,1,1,2,1,1
3161,1,4,1,1,3,2,1,3,2,1
3162,3,4,3,2,1,1,1,3,3,1
3164,3,3,3,3,1,3,2,1,2,1
3165,3,3,1,3,1,2,2,3,3,1
3167,1,4,1,1,3,3,2,3,1,1
3169,1,3,2,3,2,3,3,3,2,1
3170,2,4,1,1,2,3,2,2,1,1
3171,2,3,1,3,2,1,3,1,2,1
3172,2,4,3,1,2,3,3,1,3,1
3173,2,4,3,1,2,2,2,3,2,1
3175,2,4,3,2,2,2,3,3,1,1
3176,3,3,3,3,1,1,2,1,3,1
3177,2,4,3,3,1,2,1,2,1,1
3178,1,4,2,2,3,1,2,1,2,1
3179,3,2,1,3,1,3,1,2,2,1
3181,2,4,1,2,3,2,1,2,1,1
3184,2,3,1,3,1,1,2,3,2,1
3191,2,3,2,3,2,3,3,3,2,1
3192,1,4,2,2,3,3,2,3,3,1
3193,1,4,1,3,3,2,2,1,1,1
3194,1,4,1,1,3,3,1,2,1,1
3196,2,3,2,3,1,3,2,3,2,1
3198,2,4,3,2,1,3,1,1,2,1
3200,3,3,2,2,1,3,2,3,1,1
3201,1,4,3,2,3,2,3,2,1,1
3202,3,4,3,1,1,1,1,2,2,1
3203,3,3,2,3,1,1,2,2,2,1
3204,2,3,2,3,2,2,2,2,2,1
3205,2,4,1,1,3,1,2,2,1,1
3207,3,3,3,3,1,3,1,2,3,1
3208,1,4,2,3,2,2,2,1,2,1
3209,1,4,1,3,2,2,2,3,2,1
3210,2,4,3,2,1,1,1,1,1,1
3211,2,4,3,1,2,3,3,2,1,1
3212,1,3,1,3,2,1,1,2,2,1
3214,1,4,2,1,3,2,1,1,3,1
3215,1,4,3,1,3,2,3,2,2,1
3216,1,4,1,2,3,1,1,1,1,1
3218,1,4,1,1,3,2,1,1,1,1
3225,2,3,2,3,2,1,1,2,1,1
3227,2,4,3,2,1,3,3,1,1,1
3228,2,4,2,1,3,1,1,2,3,1
3230,3,2,2,3,2,1,3,1,1,1
3232,1,4,1,2,2,2,1,1,1,1
3233,3,3,3,3,1,2,3,1,3,1
3234,2,4,2,1,3,2,1,3,2,1
3235,1,4,1,3,2,1,3,1,3,1
3237,3,4,2,1,1,2,3,3,3,1
3239,3,3,1,2,1,2,2,2,1,1
3241,2,4,1,1,2,1,2,1,1,1
3242,1,4,3,1,3,3,2,2,2,1
3243,1,4,1,1,3,1,3,1,3,1
3244,1,4,2,1,3,2,3,2,2,1
3246,3,3,3,2,1,1,3,1,2,1
3248,1,4,2,2,2,1,1,3,3,1
3249,3,4,3,1,1,1,2,1,3,1
3250,2,3,3,3,2,3,3,2,3,1
3251,1,4,1,1,3,1,2,1,1,1
3253,2,4,2,3,1,2,2,2,3,1
3254,3,3,2,2,2,2,3,1,3,1
3255,1,4,1,2,2,1,1,1,2,1
3256,2,3,3,3,1,3,2,2,1,1
3257,2,4,2,1,2,1,3,3,3,1
3261,1,4,2,2,3,2,2,1,3,1
3262,2,4,3,2,2,3,2,1,3,1
3263,2,4,2,1,2,3,2,1,2,1
3264,1,4,2,1,2,2,3,2,3,1
3265,2,4,3,1,2,2,2,2,1,1
3267,3,4,1,1,1,2,1,1,3,1
3268,2,4,1,2,1,1,3,1,1,1
3269,3,2,3,3,1,2,3,1,3,1
3270,1,4,3,3,2,2,1,2,2,1
3271,1,4,3,2,3,3,2,2,3,1
